/flume/bigolive/bigo_feature_log,3.6896E+15,3355.669128
/flume/bigo_ad/bigo_adx_dispatch,3.64023E+15,3310.774126
/flume/bigo_ad/bigo_ad_callback,3.29641E+15,2998.06389
/flume/like/like_feature_log_v4_new,1.9991E+15,1818.175121
/flume/bigo_ad/bigoad_dsp_gateway_dispatch,1.9728E+15,1794.250141
/flume/bigo_ad/bigo_ad_config_dispatch,1.47376E+15,1340.38095
/flume/bigo_ad/bigoad_dsp_gateway_dispatch_parquet_v1,1.09315E+15,994.2119618
/flume/bigo_ad/bigo_ad_callback_parquet_v1,7.60987E+14,692.1135158
/flume/bigo_ad/bigoad_dsp_gateway_dispatch_hour,5.88865E+14,535.569709
/flume/indigo/indigo_ws_feature_log,5.81628E+14,528.9880352
/flume/bigo_ad/bigo_adx_dispatch_parquet_v1,5.67941E+14,516.5391186
/flume/bigo_ad/bigo_ad_feature_log,5.43825E+14,494.606314
/flume/bigolive/bigo_audit_call_new,4.88045E+14,443.8743775
/flume/indigo/indigo_player_stat,4.75472E+14,432.4394859
/flume/like/like_live_feature_log,4.65987E+14,423.8126423
/flume/like/like_lbs_linked_step_stat,4.29191E+14,390.3469049
/flume/bigolive/bigo_user_location_collection,4.15713E+14,378.0891935
/flume/hellotalk/talk_show_user_event,3.95106E+14,359.3469718
/flume/indigo/indigo_live_link_session,3.92025E+14,356.5443562
/flume/indigo/indigo_adx_dispatch_http_1,3.38279E+14,307.6626459
/flume/bigolive/bigo_all_push,3.29397E+14,299.5847347
/flume/indigo/indigo_1v1_call_session,3.28894E+14,299.1277846
/flume/bigolive/bigo_lbs_user_acceptor_stat,3.13279E+14,284.9257391
/flume/bigo_ad/bigoad_dsp_winnotice,2.94633E+14,267.9670261
/flume/like/like_online_user_uversion_stat_platform,2.9263E+14,266.1457217
/flume/indigo/indigo_ad_config_dispatch_http_1,2.41133E+14,219.3094155
/flume/like/like_notify_user_exp_change,2.39246E+14,217.5929705
/flume/ludo/ludo_show_user_event,2.37823E+14,216.2987758
/flume/like/like_post_like,2.3692E+14,215.4772725
/flume/bigolive/bigo_push_ack_detail,2.36046E+14,214.6826162
/flume/bigolive/bigo_live_user_event,2.2228E+14,202.1624792
/flume/like/like_rerank_feature_log,1.99493E+14,181.4380233
/flume/bigolive/bigo_offline_push_res,1.86816E+14,169.9080951
/flume/like/like_live_link_session,1.851E+14,168.3475535
/flume/bigolive/bigo_common_push_info,1.74134E+14,158.3735494
/flume/indigo/indigo_proto_stat_report_v2,1.59254E+14,144.8407757
/flume/like/brec_push_aggregation_like,1.42713E+14,129.7971601
/flume/instatus/instatus_user_heartbeat_topic,1.38906E+14,126.3341208
/flume/indigo/indigo_feature_log_v4,1.36195E+14,123.8684269
/flume/bigolive/bigo_push_down_total_detail,1.30015E+14,118.2477841
/flume/bigolive/bigo_daily_report,1.23929E+14,112.7128916
/flume/bigolive/bigo_linkd_connection_stat,1.22256E+14,111.1909994
/flume/bigolive/live_sdk_video_stats_event_all,1.14882E+14,104.484843
/flume/bigo_ad/bigo_ad_config_dispatch_parquet_v1,1.13624E+14,103.3408583
/flume/bigolive/bigo_room_realtime_info,1.11142E+14,101.0832802
/flume/like/like_recom_video_cover,1.02318E+14,93.05726618
/flume/like/like_adx_dispatch,1.00493E+14,91.3980402
/flume/bigolive/bigo_lbs_linked_step_stat,9.24787E+13,84.10886008
/flume/bigolive/bigo_appsflyer_push,9.1079E+13,82.83585343
/flume/bigolive/audit_cost_statistic,9.09865E+13,82.75171206
/flume/indigo/indigo_daily_report,9.02413E+13,82.07399952
/flume/like/like_get_video_post_notify,8.94799E+13,81.38151483
/flume/bigolive/user_lbs,8.37478E+13,76.16813616
/flume/livelite/livelite_show_user_event,8.35774E+13,76.0132126
/flume/indigo/indigo_video_event_log,8.2946E+13,75.43894826
/flume/bigolive/bigo_online_user_uversion_stat_platform,8.13824E+13,74.01690429
/flume/bigolive/broom_user_live_action_info,7.70875E+13,70.11064493
/flume/like/like_activity_stats,7.4439E+13,67.7018976
/flume/like/video_algorithm_embedding_v2,7.31443E+13,66.52436956
/flume/bigolive/bigo_aprouter_net_stat,7.10608E+13,64.62942419
/flume/bigolive/bigo_web_event_stat,7.04089E+13,64.03656606
/flume/like/linkd_proto_stats_v2,6.89388E+13,62.69945384
/flume/bigolive/bigo_client_info,6.7787E+13,61.65193431
/flume/bigolive/bigo_audit_call,6.68357E+13,60.78672532
/flume/like/like_client_special_info,6.52631E+13,59.35648836
/flume/bigolive/event_statistic,6.31402E+13,57.42564426
/flume/like/like_sdk_video_stats_event_simplification,6.15824E+13,56.00885015
/flume/like/like_show_media_stat,6.15295E+13,55.96071941
/flume/common/sensitive_word_request_record,6.11325E+13,55.59966102
/flume/like/like_push_down_total_detail_64bit2,5.94279E+13,54.04938511
/flume/bigolive/live_sdk_audio_stats_event_all,5.80947E+13,52.83686029
/flume/bigolive/mlappfront_result,5.65095E+13,51.39508983
/flume/like/like_show_audience_stat,5.64553E+13,51.34576373
/flume/bigolive/zhixu_operator_log,5.62957E+13,51.20062181
/flume/bigo_ad/bigoad_dsp_tracker,5.53521E+13,50.34244882
/flume/like/like_push_down_total_detail_64bit1,5.53209E+13,50.31406145
/flume/like/like_show_room_base_stat,5.38204E+13,48.94939099
/flume/like/like_ad_config_dispatch,5.28349E+13,48.05310194
/flume/bigolive/bigolive_appsflyer_new_push,4.95509E+13,45.06631988
/flume/like/like_kickcause_info,4.92393E+13,44.7828811
/flume/livesdk/livesdk_show_user_event,4.78672E+13,43.53499502
/flume/bigolive/bigo_mic_link_session,4.71514E+13,42.88391573
/flume/bigolive/bigo_all_push_upstream,4.60451E+13,41.87773391
/flume/hellotalk/hello_realtime_room_participant,4.23726E+13,38.53764295
/flume/bigolive/bigo_gcm_delivery_receipt,4.03096E+13,36.66137827
/flume/bigo_ad/bigo_ad_feature_log_v2,3.98227E+13,36.21851216
/flume/bigolive/linkd_proto_http_stats,3.97064E+13,36.1127461
/flume/bigo_ad/bigo_ad_feature_log_v2_parquet_v1,3.38424E+13,30.77945094
/flume/ludo/ludo_proto_stat_report_v2,3.35978E+13,30.55699792
/flume/bigolive/bigolive_audience_stats,3.32562E+13,30.24634508
/flume/like/like_produce_hashtag_feature_log,3.29389E+13,29.95776523
/flume/like/like_sdk_video_stats_event_all,3.2525E+13,29.58133352
/flume/bigolive/bigo_live_user_loc_event,3.17983E+13,28.92040403
/flume/bigolive/bigo_room_sendheart,3.02935E+13,27.55178656
/flume/bigolive/machine_audit_predict_result,3.0113E+13,27.38765874
/flume/like/like_upload_server_task_stats,2.95196E+13,26.84796375
/flume/ludo/ludo_linkd_connection_stat,2.76422E+13,25.14041074
/flume/bigolive/bigo_hive_net_stat,2.72886E+13,24.81886379
/flume/instatus/instatus_online_user_uversion_stat_platform,2.70363E+13,24.58939868
/flume/like/like_post_play_from_imo,2.62657E+13,23.88852841
/flume/bigolive/rec_bigolive_recall_detail,2.57184E+13,23.3907249
/flume/like/like_show_transcode_info,2.51274E+13,22.8532666
/flume/like/likee_immsg_behavior,2.43976E+13,22.18946716
/flume/common/cdn_cloudflare_report,2.38053E+13,21.65076467
/flume/bigolive/bigo_client_task_report_to_static,2.35217E+13,21.39287304
/flume/like/like_stat_stat_sdk,2.27485E+13,20.68961412
/flume/bigolive/cluster_running_app_stat,2.26325E+13,20.58417
/flume/like/like_block_thread_stat,2.21913E+13,20.18288846
/flume/bigolive/brec_push_aggregation_bigolive,2.20828E+13,20.08419869
/flume/like/like_online_user_uversion_stat,2.15663E+13,19.61440492
/flume/bigolive/platform_security_antiinfo,2.12536E+13,19.33002546
/flume/hellotalk/talk_proto_stat_report_v2,2.09365E+13,19.0415975
/flume/like/like_follow,2.05646E+13,18.70337838
/flume/like/linkd_rtt_stats,2.04852E+13,18.63121106
/flume/bigolive/user_enterroom,2.04194E+13,18.57130839
/flume/bigolive/bigo_live_tieba_rec_event,1.98519E+13,18.05520966
/flume/like/like_ad_trace,1.98377E+13,18.04232632
/flume/bigolive/bigo_live_udp_ping,1.97481E+13,17.96082529
/flume/bigolive/bigo_profile_use,1.9451E+13,17.69057278
/flume/hellotalk/talk_proto_stat_report_v2_http,1.94315E+13,17.67288577
/flume/bigo_ad/bigoad_dmp_profile_app,1.87636E+13,17.06541118
/flume/like/like_client_normal_info,1.82221E+13,16.57286995
/flume/like/like_immsg_bigo,1.79725E+13,16.3458778
/flume/bigolive/bigo_live_yygw_stat,1.78083E+13,16.19655058
/flume/bigolive/shower_room_online_stats,1.70436E+13,15.50104348
/flume/bigolive/bigo_bigolive_chat,1.70393E+13,15.49712151
/flume/cubetv/cube_web_video_quality_data,1.70064E+13,15.46722608
/flume/bigolive/bigo_video_audit_result_hive,1.69771E+13,15.4406044
/flume/like/like_sdk_audio_stats_event_all,1.69088E+13,15.37844443
/flume/bigolive/linkd_proto_stats_v2,1.68584E+13,15.33261269
/flume/like/like_linkd_proto_stat,1.68476E+13,15.32281903
/flume/bigolive/user_exitroom,1.65609E+13,15.0620326
/flume/indigo/brec_push_aggregation_indigo,1.60083E+13,14.55946301
/flume/like/likee_immsg_getmessagereq,1.5828E+13,14.39551148
/flume/cubetv/cube_live_udp_ping,1.51895E+13,13.81474968
/flume/indigolive/bles_room_population_report,1.51766E+13,13.80299732
/flume/indigo/recv_im2,1.50873E+13,13.72185802
/flume/hellotalk/talk_mediasdk_event,1.48542E+13,13.50979868
/flume/like/like_daily_report,1.47035E+13,13.37277036
/flume/common/cdn_imgts_ngx,1.44536E+13,13.14548107
/flume/bigolive/bigo_tieba_feature_log,1.42113E+13,12.92514129
/flume/like/like_live_robot_action,1.41161E+13,12.8384795
/flume/bigolive/bigo_like,1.40928E+13,12.81735234
/flume/like/linkd_proto_restime_detail,1.38468E+13,12.59360082
/flume/bigolive/bigo_show_user_event_stat_sdk,1.35488E+13,12.32259629
/flume/indigolive/bles_user_enter_exit_room_report,1.35013E+13,12.27938268
/flume/bigolive/bigo_live_link_session,1.34098E+13,12.19611674
/flume/like/like_upload_server_stats_event,1.3141E+13,11.95167938
/flume/indigo/indigo_download_server_stats_event,1.31339E+13,11.94521265
/flume/bigolive/bigo_feature_active,1.29464E+13,11.77470559
/flume/bigolive/shower_state_stats,1.25014E+13,11.36992872
/flume/like/bigo_show_decode_info,1.2355E+13,11.23682453
/flume/like/like_push_feature_log,1.23477E+13,11.23020579
/flume/like/linkd_proto_http_stats,1.22083E+13,11.10341106
/flume/indigo/indigo_ad_config_dispatch,1.21621E+13,11.06137572
/flume/bigolive/bigolive_media_stats,1.19837E+13,10.89911518
/flume/bigolive/showroom_exposure_event,1.16037E+13,10.55353049
/flume/like/like_media_user_stat,1.12604E+13,10.24128992
/flume/bigolive/bigo_install_apps,1.12358E+13,10.21892798
/flume/hellotalk/talk_user_inout_room_stats,1.10305E+13,10.03217175
/flume/bigolive/bigo_immsg_bigo,1.10114E+13,10.01478211
/flume/like/like_hd_chan_data_event,1.09334E+13,9.943860456
/flume/indigo/imo_live_sdk_audio_stats_event_simplification,1.0651E+13,9.68705788
/flume/bigolive/immsg_behavior_v2,1.06259E+13,9.664187587
/flume/bigolive/bigo_kickcause_info,1.05344E+13,9.581023603
/flume/bigolive/bigo_room_hot,1.01814E+13,9.25996946
/flume/indigolive/indigo_linkd_connection_stat,1.01007E+13,9.186500655
/flume/indigolive/indigolive_online_user_uversion_stat_platform,9.81238E+12,8.924308314
/flume/hellotalk/talk_linkd_connection_stat,9.50917E+12,8.648536193
/flume/like/like_live_linkd_chan_stat,9.29899E+12,8.457380607
/flume/hellotalk/user_online_report,9.26438E+12,8.425901504
/flume/indigolive/indigolive_user_heartbeat_topic,9.26132E+12,8.42312152
/flume/like/like_video_status_change,9.21906E+12,8.38468453
/flume/bigolive/bigo_message_send,9.01567E+12,8.199708521
/flume/bigolive/bigolive_owner_stats,9.00911E+12,8.193742053
/flume/bigolive/bigo_shower_room_data_v2,8.74101E+12,7.949901346
/flume/cubetv/cube_linkd_connection_stat,8.68902E+12,7.90261353
/flume/cubetv/cube_push_down_detail,8.68778E+12,7.901488908
/flume/hellotalk/talk_daily_report,8.52128E+12,7.750058878
/flume/ludo/ludo_live_link_session,8.4784E+12,7.711056476
/flume/ludo/ludo_online_user_uversion_stat_platform,8.41361E+12,7.652133593
/flume/bigolive/bigo_live_traffic,8.13191E+12,7.395925273
/flume/hellotalk/talk_live_link_session,8.12008E+12,7.385168996
/flume/like/like_front_proto_freq_monitor_event,7.9981E+12,7.274227632
/flume/cupid/cupid_show_user_event,7.91003E+12,7.194126941
/flume/cubetv/cube_offline_push_res,7.75512E+12,7.053245075
/flume/bigolive/bigo_room_popular,7.72066E+12,7.021898779
/flume/bigolive/client_dns_ip_stats,7.63087E+12,6.94023192
/flume/like/like_daily_report_stat_sdk,7.60501E+12,6.916719676
/flume/common/cdn_ngx_front_v2,7.18835E+12,6.537767209
/flume/cubetv/server_offline_push_static,6.98191E+12,6.350006954
/flume/hellotalk/talk_room_proto_stats,6.81633E+12,6.19942014
/flume/bigolive/listtab_exposure_event,6.55183E+12,5.958850534
/flume/like/like_player_stat,6.42387E+12,5.842479843
/flume/bigolive/bigo_text_chat_message,6.31439E+12,5.742903829
/flume/bigolive/broom_mic_action_info,6.25117E+12,5.685410144
/flume/indigo/indigo_nerv_download_stats1,6.12795E+12,5.573339191
/flume/ksing/ksing_show_user_event,6.04028E+12,5.493600998
/flume/bigolive/bigo_hive_route_info,5.88585E+12,5.35315177
/flume/cubetv/cube_live_traffic,5.83965E+12,5.311130296
/flume/bigolive/bigo_recent_chat_list,5.77079E+12,5.248499376
/flume/tmp/bigoad_dsp_gateway_dispatch_parquet_test_v2,5.59107E+12,5.085044488
/flume/indigo/indigo_feeds_push,5.51875E+12,5.019275061
/flume/ludo/ludo_daily_report,5.51498E+12,5.015844055
/flume/cubetv/game_user_heartbeat_topic,5.46201E+12,4.967665337
/flume/bigolive/bigolive_Link_Stat,5.31359E+12,4.83268362
/flume/bigolive/user_action_follow_event,5.30457E+12,4.82447383
/flume/indigo/indigo_activity_stats,5.17778E+12,4.709161641
/flume/like/like_install,5.0474E+12,4.590585831
/flume/hellotalk/hello_security_antiinfo,4.92477E+12,4.479050223
/flume/like/like_pincode_report,4.90816E+12,4.463945773
/flume/bigolive/bigo_text_audit_result,4.89968E+12,4.456231628
/flume/hello/room_chat_info_stats,4.88216E+12,4.440294402
/flume/cubetv/cube_user_location_collection,4.7353E+12,4.306730026
/flume/common/cdn_ngx_front_v3,4.69318E+12,4.268422741
/flume/like/likee_online_comm_rpc_stat,4.69205E+12,4.267397543
/flume/indigo/indigo_active_user_notify,4.64044E+12,4.220453268
/flume/like/like_post_like_from_imo,4.57813E+12,4.163781111
/flume/bigolive/linkd_rtt_stats,4.52679E+12,4.11709357
/flume/bigolive/immsg_getmessagereq,4.48809E+12,4.081893158
/flume/indigo/imo_live_sdk_video_stats_event_simplification,4.47319E+12,4.068340346
/flume/bigolive/atlas_job_backup,4.44829E+12,4.045696174
/flume/like/like_follow_auto_reply_new_event,4.38182E+12,3.985240848
/flume/like/search_feature_log,4.31E+12,3.919922502
/flume/like/like_crm_user_backend_event,4.20107E+12,3.820854545
/flume/ludo/ludo_complete_mission_info,4.04121E+12,3.675463523
/flume/bigolive/bigo_robot_recommend,3.91455E+12,3.560265505
/flume/like/bigo_like_user_loginInfo,3.91257E+12,3.558465952
/flume/like/like_login_server_event,3.81644E+12,3.471032744
/flume/like/like_appsflyer_new_push,3.77296E+12,3.431486208
/flume/bigolive/forward_msg_stats,3.71815E+12,3.381636212
/flume/hellotalk/talk_room_mic_change_info,3.6158E+12,3.288549551
/flume/indigo/indigo_largefile_ts_stat,3.60549E+12,3.279169713
/flume/bigolive/audit_mm_cost_mts,3.57252E+12,3.249188543
/flume/cubetv/web_frontend_api_monitor,3.46308E+12,3.149650373
/flume/bigolive/bigo_keyword_match_info,3.4268E+12,3.116658753
/flume/indigolive/indigo_linkd_proto_stat,3.41739E+12,3.108098031
/flume/like/like_install_apps,3.40519E+12,3.09700369
/flume/bigolive/supportinfo_proto_stats_http,3.38565E+12,3.079232847
/flume/bigolive/linkd_proto_restime_detail,3.3772E+12,3.071543114
/flume/cubetv/cube_average_concurrent_users,3.35369E+12,3.050164874
/flume/bigolive/bigolive_Client_Link_Stat,3.32075E+12,3.020207738
/flume/like/like_download_server_load_stats,3.11983E+12,2.837470153
/flume/like/likee_login_com_rpc_stat,3.07591E+12,2.79752203
/flume/cubetv/linkd_proto_stats_v2,3.05621E+12,2.779608731
/flume/like/like_post_share_from_imo,3.04355E+12,2.768095385
/flume/like/like_room_heat_value_report,2.99462E+12,2.723592694
/flume/hellotalk/talk_im_content,2.98024E+12,2.710508015
/flume/like/like_bigolive_chat,2.93784E+12,2.671951267
/flume/hellotalk/helloyo_room_stat,2.91057E+12,2.647147464
/flume/bigolive/bigo_audience_sdk_stat,2.88501E+12,2.623905829
/flume/bigolive/bigo_login_server_event,2.8407E+12,2.583604468
/flume/bigolive/audit_ml_res,2.77155E+12,2.520707448
/flume/bigolive/druid_job_audit,2.77063E+12,2.519874387
/flume/like/like_download_server_sys_stats,2.74612E+12,2.497579298
/flume/bigolive/bigo_roomlist_recommend,2.73773E+12,2.489951989
/flume/cubetv/cube_push_ack_detail,2.71332E+12,2.467746367
/flume/bigolive/bigo_sync_activity_event,2.71257E+12,2.46706428
/flume/bigolive/broom_doting_data,2.68823E+12,2.444929687
/flume/bigolive/bigo_family_gift_deal,2.68436E+12,2.441413857
/flume/cubetv/cube_online_user_uversion_stat,2.67945E+12,2.436949757
/flume/bigolive/im_static_http,2.67284E+12,2.43093654
/flume/bigolive/listtab_enter_event,2.62735E+12,2.389562486
/flume/like/like_transcode_info,2.60027E+12,2.364927922
/flume/instatus/date_online_user_event_ping,2.57368E+12,2.340746363
/flume/cubetv/cube_live_link_session,2.54069E+12,2.310741441
/flume/cubetv/cube_daily_user_online_info,2.51391E+12,2.286392017
/flume/bigolive/bigo_sync_official_msg_event,2.45004E+12,2.228297005
/flume/bigolive/bigo_banner_stats,2.33679E+12,2.125294155
/flume/bigolive/bigo_login,2.32554E+12,2.115067455
/flume/dak/dak_show_user_event,2.31859E+12,2.108749534
/flume/livelite/livelite_live_link_session,2.31517E+12,2.10563713
/flume/bigolive/user_action_send_giftbean,2.30814E+12,2.0992442
/flume/bigolive/bigo_all_type_check,2.30439E+12,2.095829477
/flume/bigolive/live_stats_kafka_d-miclink,2.24261E+12,2.039640353
/flume/bigolive/bigo_mic_link_page_click_stat,2.21363E+12,2.013288152
/flume/bigolive/theme_live_stats,2.20795E+12,2.00812301
/flume/bigolive/bigo_media_group_push_report,2.17356E+12,1.976839641
/flume/hellotalk/helloyo_media_stat,2.16687E+12,1.970759437
/flume/tmp/bigoad_dsp_gateway_dispatch_tmp,2.155E+12,1.95995927
/flume/bigolive/bigo_install,2.14681E+12,1.952511368
/flume/bigolive/bigo_http_client_quality_static,2.12882E+12,1.936153728
/flume/bigolive/bigo_pincode_report,2.10223E+12,1.911969619
/flume/indigo/indigo_install,2.0852E+12,1.896481017
/flume/hellotalk/talk_push_down_detail,2.08253E+12,1.894051822
/flume/hellotalk/hello_relation_room_stats,2.05747E+12,1.871257367
/flume/like/like_login,2.02854E+12,1.844950252
/flume/indigolive/indigo_conn_traffic_stat,2.02417E+12,1.840968508
/flume/bigolive/pkgloss_pp_event,2.01747E+12,1.834879736
/flume/cubetv/cube_daily_report,2.00238E+12,1.821150588
/flume/bigolive/bigo_check_login_req,1.96875E+12,1.790571438
/flume/cubetv/cubetv_media_stats,1.84908E+12,1.681727807
/flume/like/like_HVV_ML_RESULT_TAG,1.84412E+12,1.677215943
/flume/bigolive/bigolive_offline_push,1.73323E+12,1.576359885
/flume/like/like_show_owner_stat,1.72665E+12,1.570375915
/flume/bigo_ad/bigo_ad_audit,1.70798E+12,1.553400364
/flume/bigolive/bigo_daily_report_stat_sdk,1.67898E+12,1.527023885
/flume/tmp/cdn_ngx_front_test,1.67273E+12,1.521338344
/flume/like/like_visitor_register,1.65663E+12,1.506698631
/flume/cubetv/cube_live_room_analysis_report,1.61804E+12,1.471600898
/flume/bigolive/broom_live_report_event,1.60888E+12,1.463270617
/flume/hellotalk/web_pvuv_events,1.57851E+12,1.435643194
/flume/hellotalk/talk_stat_emotion,1.49756E+12,1.362026777
/flume/cubetv/client_normal_info,1.49534E+12,1.360000327
/flume/livelite/livelite_daily_report,1.47833E+12,1.344536438
/flume/like/bdp_2_tidb_consume_data,1.47189E+12,1.338677058
/flume/hello/hello_im_content,1.44913E+12,1.317974486
/flume/cubetv/cube_web_dotting_statistics,1.43704E+12,1.306978284
/flume/bigolive/rec_bigolive_recomm_res,1.43611E+12,1.306135158
/flume/bigolive/bigo_video_picture_audit_result,1.42735E+12,1.298167459
/flume/indigolive/bles_living_or_mic_on_off_report,1.42584E+12,1.296798217
/flume/bigolive/bigo_update_user_Info_notify,1.41738E+12,1.289102202
/flume/livesdk/livesdk_daily_report,1.40612E+12,1.27885639
/flume/cubetv/cube_push_down_total_detail,1.40071E+12,1.27393541
/flume/bigolive/user_action_screen_msg,1.38858E+12,1.262902076
/flume/like/video_algorithm_embedding,1.36329E+12,1.239901994
/flume/ludo/ludo_game_stat,1.35794E+12,1.235043439
/flume/indigo/indigo_nerv_download_net_trace,1.3556E+12,1.232914389
/flume/bigolive/bigo_tv_page_stats,1.34751E+12,1.225552891
/flume/like/like_pk_feature_log,1.34468E+12,1.222980884
/flume/bigolive/live_pet_donut_increase,1.3202E+12,1.20071939
/flume/hellotalk/talk_room_chat_info,1.29734E+12,1.179925711
/flume/ludo/ludo_push_ack_detail,1.27442E+12,1.159081369
/flume/bigolive/bigo_hive_load_info,1.26703E+12,1.152352885
/flume/ludo/ludo_push_down_total_detail,1.26507E+12,1.150571385
/flume/bigolive/bigo_inactive_user_recall,1.25852E+12,1.144616633
/flume/bigolive/bigo_room_country,1.2511E+12,1.137866437
/flume/bigolive/bigolive_http_upload_stats,1.25086E+12,1.137649111
/flume/like/like_profile_use,1.21099E+12,1.10139084
/flume/bigolive/shower_end_stats,1.21026E+12,1.100725664
/flume/bigolive/bigo_linkd_proto_stat,1.18852E+12,1.08095366
/flume/indigolive/indigolive_real_time_online_user,1.17408E+12,1.067815151
/flume/tob/toB_online_channel_list2,1.16314E+12,1.057870767
/flume/instatus/instatus_show_user_event,1.16177E+12,1.056626032
/flume/hellotalk/hello_event_decoupling,1.1362E+12,1.033365863
/flume/indigolive/bles_chat_success_report,1.12963E+12,1.027396699
/flume/bigolive/bigo_live_cs_load_stats,1.11176E+12,1.011143689
/flume/like/like_ml_original_data,1.10915E+12,1.008765678
/flume/like/like_register,1.10019E+12,1.000615173
/flume/cupid/cupid_user_room_change,1.08196E+12,0.984040134
/flume/ludo/ludo_match_info,1.07982E+12,0.982087116
/flume/like/like_linkd_large_msg,1.07179E+12,0.974789955
/flume/bigo_ad/bigo_dsp_event_basic_data,1.05352E+12,0.958173987
/flume/like/like_user_info_change,1.04946E+12,0.954477818
/flume/like/like_device_fingerprint_Info,1.04547E+12,0.950853341
/flume/bigolive/eu_event_statistic,1.04026E+12,0.946113915
/flume/cubetv/client_special_info,1.01619E+12,0.924216937
/flume/bigolive/bigo_new_friend,1.00506E+12,0.914093563
/flume/like/like_message_send,1.00459E+12,0.913670077
/flume/bigo_ad/dsp_event_detail,9.84778E+11,0.895650702
/flume/bigolive/quality_pic_upload_download,9.6897E+11,0.881273067
/flume/bigolive/bigo_hd_chan_data_event,9.68315E+11,0.880677374
/flume/bigolive/bigo_live_cs_complete_stat,9.5188E+11,0.865729413
/flume/bigolive/bigo_robot_event,9.49698E+11,0.863745634
/flume/ludo/ludo_buddy_op_event,9.40093E+11,0.855009786
/flume/cubetv/cube_sdk_stat_org,9.39748E+11,0.85469557
/flume/hellotalk/hmhj_user_extra_read_yy,9.38361E+11,0.853434516
/flume/like/like_im_video_watch,8.6983E+11,0.791106085
/flume/like/like_gift_recommend_abtest_res_event,8.61063E+11,0.783132605
/flume/like/like_video_ml_tag,8.56056E+11,0.778578441
/flume/cubetv/cubetv_audience_stats,8.3378E+11,0.758318217
/flume/bigolive/hello_yitu_api_info,8.30002E+11,0.754882037
/flume/like/like_video_dedup_update_cnn,8.20122E+11,0.745896643
/flume/indigo/imo_security_antiinfo,8.00504E+11,0.728053926
/flume/hellotalk/hmhj_mallexchange,7.78103E+11,0.707680613
/flume/indigo/indigo_web_invite_download,7.62823E+11,0.693783085
/flume/bigolive/live_user_logininfo,7.52258E+11,0.684174438
/flume/like/like_im_video_download,7.28704E+11,0.662751974
/flume/bigolive/bigo_live_quality_event,7.13791E+11,0.649189336
/flume/bigolive/bigo_web_access_fail_event,7.10425E+11,0.646127652
/flume/cupid/cupid_linkd_proto_stat,7.07183E+11,0.643179537
/flume/imolive/imolive_report_user_online,7.01874E+11,0.638350369
/flume/hellotalk/hello_tbl_buddy_list,6.95312E+11,0.632382607
/flume/like/welog_video_alg_attr_softporn,6.92048E+11,0.629413812
/flume/bigolive/live_donut_balance,6.84133E+11,0.622215023
/flume/bigolive/like_app_user_new_all_decrypt_orc_tmp,6.82857E+11,0.621054456
/flume/bigolive/kafka_metrics,6.75713E+11,0.614557635
/flume/bigolive/bigo_party_live_media_stat,6.64765E+11,0.604600497
/flume/cubetv/cube_report_screen_msg,6.57612E+11,0.598094588
/flume/bigolive/bigo_image_ml_module_result,6.40744E+11,0.582752937
/flume/cupid/cupid_user_online_report,6.16482E+11,0.560686801
/flume/bigolive/bigo_linkd_large_msg,6.16425E+11,0.560635609
/flume/bigolive/bigo_ban_query_record,6.09207E+11,0.55407061
/flume/bigolive/bigo_web_diversion_data,5.99794E+11,0.545509603
/flume/bigolive/bigo_register,5.736E+11,0.521686464
/flume/hellotalk/offline_push_stat_64bit,5.73137E+11,0.521265342
/flume/bigolive/bigo_front_push_static,5.70469E+11,0.518838638
/flume/bigolive/bigo_charge_strategy_record,5.69497E+11,0.517954776
/flume/bigolive/bigo_super_like_flume,5.56142E+11,0.505807911
/flume/like/like_live_link_session_stat_sdk,5.53112E+11,0.503052167
/flume/bigolive/bigo_select_card,5.52213E+11,0.502234771
/flume/cubetv/cubetv_appsflyer_push,5.4857E+11,0.498921193
/flume/bigolive/bigo_pc_assist_statistic,5.44494E+11,0.495214415
/flume/bigolive/bigo_online_user_uversion_stat,5.41123E+11,0.492148423
/flume/bigolive/pss_forwardmsg,5.41053E+11,0.49208442
/flume/ludo/ludo_user_inout_room_stats,5.38564E+11,0.489821092
/flume/cubetv/cube_user_live_duration_info,5.29433E+11,0.481516437
/flume/bigolive/bigolive_google_translate_report,5.26112E+11,0.47849633
/flume/like/like_feed_report,5.22353E+11,0.475077128
/flume/like/like_location_fix,5.05507E+11,0.45975583
/flume/cubetv/cube_live_room_pubg_report,5.00121E+11,0.454857063
/flume/like/like_im_video_record,4.94001E+11,0.44929151
/flume/tmp/linkd_proto_http_stats_bak,4.70012E+11,0.427473691
/flume/bigolive/bigo_web_video_quality_data,4.47947E+11,0.40740545
/flume/bigolive/bigo_uc_hq_info,4.27594E+11,0.388894586
/flume/hellotalk/helloyo_immsg_behavior,4.21848E+11,0.38366815
/flume/bigolive/bigo_create_order_event,4.17455E+11,0.379672816
/flume/ksing/ksing_imo_team_message,4.15339E+11,0.377748482
/flume/like/like_video_dedup_update_cnn_temp,4.10047E+11,0.372935633
/flume/cupid/cupid_linkd_connection_stat,4.06026E+11,0.369278381
/flume/like/vlog_daily_user_online_info,4.03986E+11,0.367423416
/flume/like/like_im_video_send,4.02866E+11,0.366404692
/flume/tmp/bigo_show_user_event_tcp_channel,4.01123E+11,0.364819286
/flume/bigolive/bigo_lbs_http_query_addr_info,3.91913E+11,0.356443
/flume/common/cdn_ngx_front_v4,3.86257E+11,0.351298716
/flume/like/likee_moment_like,3.84042E+11,0.349284005
/flume/bigolive/bigo_report_task_status,3.80989E+11,0.346507861
/flume/cubetv/cube_cs_load_stats,3.73268E+11,0.339484947
/flume/hellotalk/hmhj_user_extra_db,3.6531E+11,0.332247493
/flume/cupid/cupid_live_link_session,3.61465E+11,0.328750853
/flume/cupid/CUPID_IM_MSG,3.59269E+11,0.326753253
/flume/dak/dak_feature_log,3.55507E+11,0.323332059
/flume/hellotalk/helloyo_report_verify_status,3.49471E+11,0.317842209
/flume/bigolive/viewer_data,3.4213E+11,0.31116556
/flume/indigo/indigo_ad_callback_http,3.38984E+11,0.308303761
/flume/cubetv/cube_kickcause_info,3.36187E+11,0.305760123
/flume/common/common_sms_pincode_stat,3.31857E+11,0.301822463
/flume/common/cdn_ngx_backend_v1,3.29372E+11,0.299561822
/flume/hellotalk/talk_login,3.18933E+11,0.290067589
/flume/like/like_gift_exchange_event,3.12186E+11,0.283931743
/flume/like/like_vlive_heat_gift_report,3.11039E+11,0.282888474
/flume/common/common_sms_stat_info,3.03281E+11,0.275832392
/flume/bigolive/bigo_device_fingerprint_Info,2.88226E+11,0.262139655
/flume/pinpincart/pinpincart_node_access_log,2.82914E+11,0.257308815
/flume/like/like_first_charge_activity_data,2.82606E+11,0.2570287
/flume/bigolive/bigo_user_chat_fail_event,2.81719E+11,0.256222041
/flume/bigolive/bigo_live_linkd_chan_stat,2.81666E+11,0.256173688
/flume/bigolive/broom_pk_line_track_info2,2.7346E+11,0.248709984
/flume/bigolive/sms_rate_stats,2.65036E+11,0.241048937
/flume/cubetv/linkd_rtt_stats,2.60447E+11,0.236875388
/flume/bigolive/bigo_room_user_admin_event,2.55985E+11,0.23281681
/flume/like/likee_live_mic_link_session,2.55624E+11,0.23248886
/flume/bigolive/bigo_sms_pincode_stat,2.54432E+11,0.231404854
/flume/hellotalk/helloyo_follow_event,2.4802E+11,0.225573273
/flume/bigolive/sms_stastic_http,2.46454E+11,0.224148971
/flume/like/welog_user_link_status,2.45999E+11,0.223734979
/flume/bigolive/bigo_block_click,2.42069E+11,0.220160676
/flume/bigolive/hive_job_audit,2.37254E+11,0.215781022
/flume/cubetv/cube_live_yygw_stat,2.33698E+11,0.212546669
/flume/bigolive/bigo_verify_token_event,2.27322E+11,0.206747871
/flume/bigolive/bigo_im_video_watch,2.271E+11,0.206546069
/flume/bigolive/bigo_request_to_recent,2.25582E+11,0.205165601
/flume/ludo/ludo_receive_week_mission,2.19996E+11,0.200084766
/flume/bigolive/client_normal_info,2.13425E+11,0.194108481
/flume/hellotalk/hmhj_report_to_hive,2.12309E+11,0.19309404
/flume/bigolive/live_sdk_video_stats_event,2.11648E+11,0.19249311
/flume/bigolive/live_ugc_report_info,2.05872E+11,0.187239279
/flume/hellotalk/helloyo_category_list_top_member,2.05415E+11,0.186824122
/flume/cubetv/cube_game_beginend_reporttime,2.02331E+11,0.184018797
/flume/like/like_linkd_online_info,1.99547E+11,0.181487229
/flume/bigolive/bigo_simaudit_hit_info,1.96698E+11,0.178895951
/flume/hellotalk/mic_info_stats_orc,1.94441E+11,0.176843247
/flume/ksing/ksing_activity_stats,1.89858E+11,0.172675175
/flume/like/like_install_stat_sdk,1.81628E+11,0.165190086
/flume/bigolive/bigolive_lbs_ecdhe_uri_events,1.8132E+11,0.164909342
/flume/bigolive/bigo_user_biu_notify,1.81108E+11,0.164716554
/flume/like/video_algorithm_low_quality,1.78026E+11,0.161913598
/flume/bigolive/fsimage_txt,1.773E+11,0.16125302
/flume/bigolive/client_special_info,1.77019E+11,0.160997491
/flume/cubetv/cube_pc_user_event,1.7508E+11,0.159234277
/flume/hellotalk/helloyo_buddy_event,1.74338E+11,0.158559684
/flume/tmp/like_user_event_tcp_channel,1.71485E+11,0.155964906
/flume/bigolive/bigo_im_video_download,1.68878E+11,0.153593982
/flume/bigolive/bigo_achieve_quality,1.68494E+11,0.153244172
/flume/tmp/linkd_proto_stats_v2_bak,1.67391E+11,0.152240883
/flume/bigolive/bigo_real_time_online_user,1.66848E+11,0.151747101
/flume/bigolive/bigo_friend_request,1.58406E+11,0.144069103
/flume/bigo_ad/tracker_pixel_event,1.58062E+11,0.14375633
/flume/like/likee_live_cs_complete_stat,1.54098E+11,0.140151575
/flume/like/like_real_time_online_user,1.51374E+11,0.137673787
/flume/bigolive/fsimage_txt_20181218,1.51029E+11,0.137360449
/flume/indigo/indigo_nerv_download_load_stats,1.50578E+11,0.136950182
/flume/bigolive/bigo_exchange_click_report,1.47954E+11,0.134563558
/flume/tmp/bigo_show_user_event_tcp_channel_hour_orc,1.47505E+11,0.134154894
/flume/bigo_ad/ad_attribution_aggregation,1.46904E+11,0.133608348
/flume/bigolive/bigo_im_video_record,1.44048E+11,0.131010891
/flume/bigolive/fsimage_txt_20190711,1.43868E+11,0.130846756
/flume/bigolive/bigo_report_owner_gametitle,1.43027E+11,0.130082691
/flume/dak/dak_server_offline_push_static,1.42014E+11,0.129161261
/flume/bigolive/fsimage_txt_20190710,1.41557E+11,0.128745268
/flume/hellotalk/user_follow_list_add,1.40467E+11,0.127753948
/flume/hellotalk/helloyo_immsg_getmessagereq,1.37791E+11,0.12532054
/flume/hellotalk/hmhj_verify_proxy,1.36108E+11,0.123789473
/flume/ludo/ludo_appsflyer_push,1.35615E+11,0.123341113
/flume/cubetv/show_follow_event,1.3507E+11,0.122845514
/flume/bigolive/bigo_mobile_game_report,1.32577E+11,0.120578255
/flume/like/like_block_click,1.26872E+11,0.115389447
/flume/bigolive/fsimage_txt_20181109,1.23169E+11,0.112021146
/flume/bigolive/bigo_match_result,1.22947E+11,0.11181949
/flume/hellotalk/talk_push_ack_detail,1.22399E+11,0.111321113
/flume/bigolive/bigo_pss_web_proxy_comm_stat,1.20962E+11,0.110013916
/flume/bigolive/fsimage_txt_20190522,1.16699E+11,0.10613668
/flume/ludo/ludo_appsflyer_new_push,1.12399E+11,0.102226487
/flume/hellotalk/talk_install,1.11696E+11,0.101586557
/flume/bigolive/bigo_family_room_action_deal,1.1156E+11,0.101462875
/flume/cupid/cupid_daily_report,1.10368E+11,0.100379321
/flume/bigolive/bigo_10953_turntable_log,1.09772E+11,0.099837114
/flume/cupid/cupid_room_stat,1.05119E+11,0.095604722
/flume/bigolive/bigo_live_game_live_stat,1.04505E+11,0.095047043
/flume/tmp/like_user_event_haidu_gap_hour_orc2,1.01316E+11,0.092146218
/flume/ludo/ludo_install,98895490515,0.089944925
/flume/crush/brpc_crush_server_noitfy,98562078822,0.089641688
/flume/like/like_heat_rank_data,95319003963,0.086692129
/flume/bigolive/bigo_im_video_send,94753294653,0.086177619
/flume/bigolive/bigo_pc_user_action,91693662060,0.0833949
/flume/bigolive/bigo_appsflyer_push_orc,91034712831,0.082795589
/flume/hellotalk/helloyo_user_info_event,87665436366,0.07973125
/flume/bigolive/fsimage_txt_20180828,87052269657,0.079173578
/flume/cubetv/cube_show_user_event,86667461166,0.078823597
/flume/instatus/instatus_linkd_online_info,85317959949,0.077596233
/flume/bigolive/bigo_aprouter_error_stat,85135031031,0.07742986
/flume/dak/dak_offline_push_res,84759751932,0.077088545
/flume/crush/crush_online_user_uversion_stat_platform,84144760347,0.076529214
/flume/bigolive/bigolive_search_ab,83785928715,0.076202858
/flume/cubetv/cube_device_fingerprint_Info,83419006083,0.075869144
/flume/bigolive/presto_job_audit,82471108044,0.075007036
/flume/cubetv/cube_linkd_online_info,81774309078,0.074373301
/flume/like/like_login_stat_sdk,79648372503,0.072439773
/flume/cupid/cupid_room_type_change,78538754100,0.071430581
/flume/tob/toB_lastest_channel_list2,76962672864,0.069997143
/flume/bigolive/model_operator_log,72931074642,0.066330426
/flume/bigolive/bigo_friend_request_list,72389276292,0.065837663
/flume/indigo/imo_live_web_report,71882282991,0.065376556
/flume/bigolive/bigo_linkd_online_info,71746131333,0.065252726
/flume/bigolive/bigo_dup_audit_result,69646154520,0.063342809
/flume/cubetv/cubetv_owner_stats,68330872383,0.062146566
/flume/like/like_post_comment_from_imo,67444865931,0.061340748
/flume/indigo/indigo_imoout_task_center_present,67410144330,0.061309169
/flume/hellotalk/helloyo_category_list_change,66920302623,0.060863661
/flume/like/like_fans_group_data,65579879931,0.059644553
/flume/bigolive/bigolive_linkd_ecdhe_uri_events,65372809026,0.059456223
/flume/livelite/livelite_login,64724191257,0.058866309
/flume/instatus/instatus_push_down_total_detail,61778547213,0.056187261
/flume/livelite/livelite_install,61284270648,0.055737719
/flume/bigolive/bigo_pk_rank_data,59047598232,0.053703478
/flume/indigo/story_sent_beta,58165606473,0.052901311
/flume/chickfight/chickfight_online_user_uversion_stat_platform,57928641198,0.052685792
/flume/bigolive/bigo_aprouter_flow_stat,57086538777,0.051919905
/flume/bigolive/sparksql_job_audit_flume,56659681392,0.05153168
/flume/bigolive/bigo_game_roulette_info,56424725913,0.051317989
/flume/hellotalk/hellotalk_appsflyer_new_push,55032459621,0.05005173
/flume/bigoface/bigoface_show_user_event,53220550320,0.048403809
/flume/cubetv/cube_install,51706395561,0.047026693
/flume/indigo/indigo_premium_page_event,49961043411,0.045439304
/flume/dak/dak_proto_stat_report_v2,49002882648,0.044567862
/flume/hellotalk/talk_room_name_change_info,47739030753,0.043418396
/flume/bigolive/bigo_superlike_send,46329835596,0.04213674
/flume/instatus/instatus_linkd_proto_stat,46044611355,0.04187733
/flume/indigo/brec_push_aggregation_imo,45108074403,0.041025555
/flume/bigolive/bigo_group_pk_gift_info,44002522071,0.040020061
/flume/bigolive/audit_res_copy,43410019773,0.039481183
/flume/cubetv/cube_report_owner_gametitle,43135407354,0.039231424
/flume/bigolive/broom_user_join_stat,42467819517,0.038624257
/flume/hellotalk/talk_register,42174372507,0.038357368
/flume/hellotalk/talk_room_notice_change_info,41044244715,0.037329523
/flume/cubetv/cube_immsg_bigo,40877130348,0.037177533
/flume/tob/tob_audit_request_info,40381155264,0.036726447
/flume/hellotalk/helloyo_lbs_back_to_source_info,39552691149,0.035972963
/flume/like/tmp,39491941623,0.035917712
/flume/hellotalk/hmmob_brpc_user_bubble,39403836042,0.03583758
/flume/indigo/imo_pk_competition_stat,39168497397,0.035623541
/flume/tmp/bigo_app_user_new_day_from_binlog_decrypt_tmp,38750114721,0.035243024
/flume/bigolive/bigo_login_stat_sdk,38447974167,0.034968229
/flume/bigolive/bigo_ban_server_basic_info_v2,37514314368,0.03411907
/flume/ofree/ofree_server_1v1_call_1_0,37253570100,0.033881925
/flume/bigolive/bigo_create_purchase_event,34826228457,0.03167427
/flume/bigolive/bigo_ban_server_record,34428092478,0.031312168
/flume/bigolive/bigo_login_user_log,34379550528,0.031268019
/flume/imolive/bles_room_population_report,33913757847,0.030844383
/flume/cubetv/cube_login,33382361745,0.030361081
/flume/bigolive/bigo_install_stat_sdk,32382920718,0.029452095
/flume/cubetv/cube_pc_media_live_stat,31663238373,0.028797548
/flume/bigolive/bigo_block_thread_stat,31063184985,0.028251802
/flume/instatus/instatus_proto_stat_report_v2,30977585064,0.028173949
/flume/indigo/indigo_ad_config_dispatch_http1,30624677274,0.027852982
/flume/indigo/indigo_ad_config_dispatch_http,30570738579,0.027803925
/flume/cupid/cupid_push_down_total_detail,29825090037,0.027125761
/flume/bigolive/pc_login_http_stats,29515111809,0.026843838
/flume/like/like_register_stat_sdk,28753424658,0.026151087
/flume/bigolive/bigo_user_chat_event,28272738696,0.025713906
/flume/bigolive/bigo_user_info_change,27818618034,0.025300886
/flume/tob/tob_sdk_video_stats,26242966866,0.023867839
/flume/instatus/masala_web_report,25380314913,0.023083262
/flume/instatus/instatus_server_offline_push_static,25303415940,0.023013323
/flume/bigolive/bigo_game_rank_data,24794623041,0.022550578
/flume/indigo/indigo_nerv_upload_tran_stat,22321382157,0.020301179
/flume/hellotalk/talk_device_fingerprint_Info,22167192984,0.020160945
/flume/livelite/livelite_register,21720104820,0.01975432
/flume/bigo_ad/bigoad_tracker_cost_fixup,21676748271,0.019714888
/flume/like/like_facemagic_trace,21236152482,0.019314168
/flume/hellotalk/user_extra_info,21013030293,0.01911124
/flume/cubetv/cubetv_http_upload_stats,20915806755,0.019022815
/flume/bigolive/bigo_sms_pincode_static,20563449849,0.018702349
/flume/like/like_token_nologin_stat,20533983114,0.018675549
/flume/indigolive/indigolive_linkd_online_info,20520175650,0.018662991
/flume/tmp/like_daily_report_tcp_channel,20442346152,0.018592206
/flume/hellotalk/hello_week_sign_in_prizes,20177464296,0.018351297
/flume/hellotalk/talk_hot_room_change_info,19601496099,0.017827457
/flume/flipped/flipped_show_user_event,19543288053,0.017774517
/flume/bigolive/broom_theme_room_attr_report,19520538708,0.017753827
/flume/indigo/imo_out_call_coupon_tracelog,19358935026,0.017606849
/flume/cubetv/cube_register,19298921994,0.017552267
/flume/bigolive/pc_login_linkd_stats,19294914429,0.017548622
/flume/tob/tob_sdk_audio_stats,18467311056,0.016795922
/flume/cubetv/cube_pc_owner_live_stat,18092030634,0.016454606
/flume/hellotalk/fortune_bag_new,17427327444,0.015850062
/flume/bigolive/bigo_audit_results,17127724893,0.015577575
/flume/dak/dak_live_link_session,16858434249,0.015332657
/flume/bigolive/bigo_family_msg,16062770322,0.014609005
/flume/dak/dak_push_down_total_detail,15906463329,0.014466844
/flume/tmp/linkd_rtt_stats_bak,15094288779,0.013728176
/flume/like/video_algorithm_embedding_v2_json,14846281941,0.013502615
/flume/cubetv/cube_real_time_online_user,14749019658,0.013414155
/flume/instatus/instatus_real_time_online_user,14454439272,0.013146236
/flume/test/test_appsflyer_push,14330468757,0.013033485
/flume/bigolive/broom_room_count_stat,14247420888,0.012957954
/flume/cupid/cupid_user_text_chat_report,13470644046,0.012251479
/flume/hellotalk/helloyo_pull_card_event,13432549131,0.012216832
/flume/bigolive/bigo_daily_report_tmp,13046682744,0.011865889
/flume/bigolive/bigo_1v1_pk_gift_info,12932352813,0.011761906
/flume/like/like_push_ack_detail_32bit_test,12895662909,0.011728537
/flume/cubetv/cube_user_logininfo,12808563570,0.011649321
/flume/indigo/imo_antispam_info,12623891520,0.011481362
/flume/bigolive/bigo_three_two_pk_detail,12582498072,0.011443715
/flume/like/like_show_theme_live_stat,12268742025,0.011158356
/flume/dak/dak_common_push_info,12056227830,0.010965075
/flume/instatus/instatus_live_link_session,11902921884,0.010825644
/flume/cupid/platform_all_push,11445846621,0.010409937
/flume/bigolive/offline_push_static,11444781237,0.010408968
/flume/bigolive/bigolive_country_statistics_report,11366452956,0.010337729
/flume/cubetv/cube_pc_device_stat,10647054324,0.009683439
/flume/ksing/ksing_server_ab_experiment,10389101412,0.009448833
/flume/bigolive/bigosec_image_audit_event,10177918557,0.009256763
/flume/dak/dak_all_push,10065551301,0.009154566
/flume/bigolive/live_pet_donut_clear,9954406557,0.00905348
/flume/like/lucky_chest_report_data,9875020380,0.008981279
/flume/instatus/instatus_offline_push_res,9874295709,0.00898062
/flume/bigolive/abtest_viewer_uid_day,9820269951,0.008931483
/flume/like/likee_evg_content,9801924288,0.008914798
/flume/ksing/ksing_appsflyer_new_push,9730681932,0.008850004
/flume/hellotalk/helloyo_card_like,9677483883,0.00880162
/flume/bigolive/bigo_intimity_detail,9649541136,0.008776207
/flume/dak/dak_daily_report,9452043720,0.008596584
/flume/indigo/bles_http_client_quality_stats,9441997275,0.008587446
/flume/indigolive/bles_heartbeat_batch_topic,9433307412,0.008579543
/flume/bigolive/bigo_pc_device_statis,9379816707,0.008530894
/flume/bigolive/bigo_ml_result,8903976927,0.00809812
/flume/ksing/ksing_server_push_message,8663222160,0.007879155
/flume/hellotalk/hmhj_order_status,8621851362,0.007841528
/flume/bigolive/audit_cost_statistic_new,8618248068,0.007838251
/flume/bigolive/bigo_register_stat_sdk,8586301134,0.007809195
/flume/like/like_give_item_data_report,8046174372,0.007317953
/flume/cubetv/cube_linkd_large_msg,8035783167,0.007308502
/flume/hellotalk/helloyo_family_member_contribution,7874340027,0.007161671
/flume/hellotalk/hmmob_brpc_user_noble,7865464020,0.007153598
/flume/cupid/cupid_user_mic_change,7586807358,0.006900161
/flume/bigolive/broom_mic_invite_stat,7473428694,0.006797044
/flume/bigolive/bigo_send_lucky_arrow,7411392009,0.006740622
/flume/cupid/cupid_proto_http_stat,6886759773,0.006263472
/flume/bigolive/bigo_check_user_device,6661385139,0.006058494
/flume/instatus/instatus_daily_report,6581788671,0.005986102
/flume/like/like_video_quality_info_event,6301226754,0.005730932
/flume/cupid/cupid_install,5920061019,0.005384264
/flume/ksing/ksing_appsflyer_push,5731841160,0.005213079
/flume/instatus/instatus_all_push,5552770173,0.005050215
/flume/cubetv/sms_rate_stats,5484085911,0.004987747
/flume/bigoface/bigoface_user_event,5151362934,0.004685137
/flume/like/like_use_item_data_report,4996517205,0.004544306
/flume/bigolive/bigo_eat_open_prize_detail,4800962982,0.00436645
/flume/bigolive/broom_robot_revenue_act,4715256849,0.004288501
/flume/common/bigo_keyword_match_info_offline,4683187443,0.004259334
/flume/bigolive/bigo_no_interest,4680412647,0.004256811
/flume/like/welog_video_dedup_update,4647642948,0.004227007
/flume/cubetv/cube_caton_type,4559146407,0.00414652
/flume/bigolive/bigo_lucky_arrow_gift,4541338857,0.004130324
/flume/like/welog_theme_room_data_report,4539176877,0.004128357
/flume/cupid/cupid_conn_traffic_stat,4537729485,0.004127041
/flume/hellotalk/hello_es_proxy_pika_info,4537615812,0.004126938
/flume/indigo/PImoCalloutUserBill,4416543327,0.004016823
/flume/bigolive/broom_pk_room_size,4341992700,0.003949019
/flume/bigolive/PStreamStat,4152671706,0.003776833
/flume/bigolive/bigo_ban_check_info,4132279149,0.003758286
/flume/cupid/cupid_register,3979159344,0.003619024
/flume/indigo/bles_lbs_http_query_addr_info,3946169601,0.00358902
/flume/hellotalk/hmhj_lucky_gift_report,3893530776,0.003541146
/flume/cupid/cupid_login,3854753637,0.003505878
/flume/common/text_audit_result,3798363888,0.003454592
/flume/bigolive/broom_check_login_stat,3729747825,0.003392186
/flume/bigolive/broom_robot_send_bean,3695342181,0.003360894
/flume/bigolive/bigo_family_rank_member_data,3543083853,0.003222416
/flume/bigolive/atlas_job_monitor,3512706054,0.003194788
/flume/cubetv/cube_create_order_event,3307055109,0.003007749
/flume/dak/dak_gcm_delivery_receipt,3189191208,0.002900553
/flume/bigolive/broom_pk_line_stat,3118555644,0.00283631
/flume/instatus/instatus_push_ack_detail,3025004502,0.002751226
/flume/bigolive/bigo_tieba_post_read_info,2985024984,0.002714864
/flume/cupid/cupid_user_info_change,2968455522,0.002699795
/flume/bigolive/BigoLive_Link_Stat_Report,2850973392,0.002592945
/flume/bigolive/bigo_family_fm_level_change,2586223686,0.002352157
/flume/cupid/cupid_buddy_event,2378647431,0.002163367
/flume/crush/brpc_crush_server_currency_ack,2314022766,0.002104591
/flume/bigolive/bigo_sms_status,2308465137,0.002099537
/flume/dak/dak_push_ack_detail,2293612164,0.002086028
/flume/bigolive/live_clone_user_event,2162486871,0.00196677
/flume/bigolive/rename_gift_hour_result,2145485211,0.001951307
/flume/cupid/bigo_offline_rescode,2059772763,0.001873352
/flume/bigolive/bigo_im_msg_stat,2041445670,0.001856684
/flume/bigolive/bigo_group_pk_line_info,2000967528,0.001819869
/flume/hellotalk/interface_aggregate_report,1834211067,0.001668205
/flume/cubetv/cube_screen_msg_match,1831707384,0.001665928
/flume/bigolive/bigo_seer_bet_record,1785780012,0.001624157
/flume/cubetv/cube_show_user_event_stat_sdk,1692992895,0.001539768
/flume/bigolive/bigo_mic_ban_black_action_info,1614395520,0.001468284
/flume/ludo/ludo_chick_fight_event_stat,1612529817,0.001466587
/flume/like/like_glory_level_data_report,1610347845,0.001464603
/flume/ofree/ofree_show_user_event,1539257142,0.001399946
/flume/bigolive/live_ctry_hour_rank_topn_chg,1536189483,0.001397156
/flume/bigolive/showroom_exposure_event_1,1477026846,0.001343348
/flume/hellotalk/user_vgood_changelog_m_day,1453760718,0.001322188
/flume/bigolive/bigo_sms_final_status,1443092550,0.001312485
/flume/bigolive/bigo_ban_server_basic_info,1313720679,0.001194822
/flume/flipped/flipped_select_option_event,1253085504,0.001139675
/flume/flipped/flipped_appsflyer_push,1184118231,0.001076949
/flume/bigolive/pc_login_http_stats_tmp,1182951303,0.001075888
/flume/bigolive/video_play_download_stats,1131317628,0.001028927
/flume/dak/dak_install,1110294051,0.001009807
/flume/bigo_ad/dsp_event_detail_parquet_v1,1097350359,0.000998034
/flume/bigolive/all_type_check,1067133261,0.000970552
/flume/tmp/cupid_daily_report_tmp,983314431,0.000894319
/flume/cubetv/cube_im_msg_stat,968571180,0.00088091
/flume/bigolive/cdn_livelog_report,953466357,0.000867173
/flume/bigolive/forward_msg_stats_tmp,927649299,0.000843692
/flume/bigopay/bigopay_third_request,925923543,0.000842123
/flume/bigo_ad/bigo_ad_likeeboost_get_price,910007484,0.000827647
/flume/like/like_discount_coupon_data,902579091,0.000820891
/flume/cubetv/cube_report_room_manage,864195855,0.000785982
/flume/bigolive/bigo_lucky_arrow,853029711,0.000775826
/flume/bigolive/bigo_illegalUrl,822079629,0.000747677
/flume/bigolive/BigoLive_Client_Link_Stat_Report,783615225,0.000712694
/flume/cubetv/cube_web_access_fail_event,779018943,0.000708514
/flume/ludo/ludo_crush_game_time,778882401,0.000708389
/flume/dak/dak_spider_post_report_info,776256795,0.000706001
/flume/hellotalk/PRecordUploadStat,704869182,0.000641075
/flume/bigolive/bigo_register_user_log,701536329,0.000638044
/flume/bigolive/bigolive_country_statistics,700853136,0.000637422
/flume/crush/brpc_crush_server_notify_ack,694439610,0.000631589
/flume/like/like_delete_account,689319483,0.000626932
/flume/bigolive/bigo_nobility_purchase_order,641822691,0.000583734
/flume/bigolive/cluster_running_job_rel,627218568,0.000570452
/flume/hellotalk/helloyo_family_experience,600818034,0.000546441
/flume/cupid/cupid_new_user_recommend_matchmaker,600211065,0.000545889
/flume/like/welog_Live_text_chat_stat_event,598921977,0.000544716
/flume/hellotalk/hello_ranking_board_call_stats,580642527,0.000528091
/flume/instatus/instatus_install,575440620,0.00052336
/flume/indigo/imo_greedy_open_prize_report,570625785,0.000518981
/flume/indigo/imo_acquisition_info,569658447,0.000518101
/flume/bigolive/bigo_show_flow_session,563889855,0.000512855
/flume/like/like_live_prize_handle,541668111,0.000492644
/flume/bigolive/bigo_image2text_audit_result,525296550,0.000477754
/flume/like/like_illegalUrl,499187862,0.000454009
/flume/imolive/gift_headline_stat,496710051,0.000451755
/flume/indigo/youtube_hot_channel_and_user_related_url_spider_content,487698096,0.000443559
/flume/bigolive/bigo_send_recall_msg_im,474552804,0.000431603
/flume/cupid/cupid_black_event,458311095,0.000416832
/flume/like/like_video_dedup_update,445316679,0.000405013
/flume/cupid/cupid_heartbeat_match,444855357,0.000404594
/flume/bigolive/server_theme_room_stats,412565901,0.000375227
/flume/flipped/flipped_daily_report,403292538,0.000366792
/flume/bigolive/sms_rate_stats_tmp,398089434,0.00036206
/flume/indigo/imo_out_task_center_invite_present_log,388186848,0.000353054
/flume/like/like_user_event_test,384807420,0.00034998
/flume/cubetv/cube_verify_token_event,376135254,0.000342093
/flume/hellotalk/helloyo_lucky_wheel_event,354351216,0.000322281
/flume/hellotalk/hello_es_sync_delay,350735997,0.000318993
/flume/tmp/jiaming_presto_backup,329012610,0.000299235
/flume/ofree/ofree_daily_report,320726100,0.000291699
/flume/ofree/ofree_live_link_session,318114855,0.000289324
/flume/bigolive/bigo_web_finger_guessing_join_order_push,297142503,0.00027025
/flume/cupid/cupid_push_ack_detail,295973079,0.000269186
/flume/bigolive/bigo_all_type_check_test,295077234,0.000268371
/flume/hellotalk/hello_ranking_board_info,291524646,0.00026514
/flume/ofree/ofree_ip_call_stat,285250551,0.000259434
/flume/bigolive/rename_gift_result,279942501,0.000254606
/flume/bigolive/sampling_audit_info,273934716,0.000249142
/flume/bigolive/bigo_web_whatsapp_push,270220635,0.000245764
/flume/woodpecker/woodpecker_show_user_event,269829627,0.000245409
/flume/like/likeeboost_audit_event,246884511,0.00022454
/flume/hellotalk/helloyo_family_room,234581121,0.00021335
/flume/bigolive/like_app_user_new_data6_decrypt,231444828,0.000210498
/flume/like/like_pc_user_event,230193153,0.000209359
/flume/cupid/cupid_follow_event_2,224405940,0.000204096
/flume/bigolive/cdn_livelog_report_v2,223182156,0.000202983
/flume/like/like_stat,221030034,0.000201026
/flume/bigolive/bigo_family_rank_contribution_data,217030239,0.000197388
/flume/bigo_ad/bigo_ad_feature_log_v1,203114928,0.000184732
/flume/ofree/ofree_ip_call_dot_stat,197047050,0.000179213
/flume/bigolive/bigolive_theme_live_report,194889651,0.000177251
/flume/bigolive/broom_theme_room_statistic,192093243,0.000174708
/flume/like/like_new_video_url_stats,190716465,0.000173456
/flume/cupid/cupid_black_item_info,170232126,0.000154825
/flume/bigolive/bigo_install_tmp,160153107,0.000145658
/flume/flipped/flipped_push_down_total_detail,150400185,0.000136788
/flume/bigolive/bigo_tieba_post_vote,129713550,0.000117974
/flume/like/like_retry_task_succ,120155307,0.000109281
/flume/ludo/ludo_server_daemon_online_users,119865003,0.000109017
/flume/dak/dak_register,119299272,0.000108502
/flume/cupid/cupid_proto_event_stat,114667242,0.000104289
/flume/hellotalk/talk_media_live_stat,114071580,0.000103747
/flume/ofree/ofree_sdk_video_stats_event_simplification,108839835,9.89893E-05
/flume/tob/tob_channel_state_stats,106774599,9.71109E-05
/flume/cubetv/cube_pc_linkd_proto_stat,106177053,9.65675E-05
/flume/instatus/instatus_register,105076014,9.55661E-05
/flume/bigolive/bigo_family_rank_fm_data,103065408,9.37374E-05
/flume/bigolive/bigo_robot_create,101449284,9.22676E-05
/flume/ofree/ofree_sdk_audio_stats_event_simplification,89997573,8.18523E-05
/flume/bigolive/bigo_party_list,89883486,8.17486E-05
/flume/ofree/linkd_proto_stats_v2,89148030,8.10797E-05
/flume/bigolive/event_statistic_old,87907983,7.99518E-05
/flume/ofree/ofree_pss_linkmsg_stat,85012326,7.73183E-05
/flume/indigo/bles_mic_remind,79615359,7.24097E-05
/flume/com_e_commerce_eu/ec_backend_event,71366970,6.49079E-05
/flume/like/bigo_online_user_uversion_stat_platform,61131594,5.55989E-05
/flume/ofree/ofree_user_heartbeat_topic,55545666,5.05185E-05
/flume/bigolive/bigo_party_live_stat,55448205,5.04298E-05
/flume/tob/tob_join_channel_stats,52600326,4.78397E-05
/flume/bigolive/pc_login_linkd_stats_tmp,48627156,4.42261E-05
/flume/bigolive/live_daily_task_upgrade_award,48414264,4.40325E-05
/flume/bigolive/client_dau_report,48023115,4.36768E-05
/flume/bigolive/bigo_web_finger_guessing_room_info_push,47566806,4.32618E-05
/flume/bigolive/bigo_register_tmp,44463948,4.04397E-05
/flume/bigolive/bigo_party_unitroom,43599615,3.96536E-05
/flume/like/like_server_offline_push_static_bak,42342936,3.85107E-05
/flume/flipped/flipped_register,41763840,3.7984E-05
/flume/flipped/flipped_install,41634363,3.78662E-05
/flume/ofree/ofree_sdk_audio_stats_map_event_simplification,40849578,3.71525E-05
/flume/like/brec_push_aggregation,39465426,3.58936E-05
/flume/hellotalk/helloyo_first_recharge,37018914,3.36685E-05
/flume/dak/dak_login,33987912,3.09118E-05
/flume/like/likee_login_rpc_stat,32965482,2.99819E-05
/flume/ofree/ofree_server_1v1_call_1_1,32593050,2.96432E-05
/flume/ofree/ofree_sdk_video_stats_map_event_simplification,31808778,2.89299E-05
/flume/bigolive/bigo_lbe_punish_event,31772907,2.88973E-05
/flume/like/like_pc_media_live_stat,30158805,2.74293E-05
/flume/indigo/youtube_hot_channel_and_user_spider_content,27706830,2.51992E-05
/flume/hellotalk/helloyo_brpc_bubble_svr,26437656,2.40449E-05
/flume/cubetv/cube_illegalUrl,25840611,2.35019E-05
/flume/hellotalk/hello_common_spam_info,21759864,1.97905E-05
/flume/common/common_internal_user_event,19505946,1.77406E-05
/flume/imolive/imolive_doting_data,19492245,1.77281E-05
/flume/bigolive/bigo_report_channel_static,19377090,1.76234E-05
/flume/common/cdn_ngx_front_v1,19018080,1.72968E-05
/flume/flipped/flipped_login,18886926,1.71776E-05
/flume/ofree/ofree_login,16211826,1.47446E-05
/flume/flipped/flipped_push_ack_detail,15583497,1.41731E-05
/flume/bigolive/bigo_party_noti,15417261,1.40219E-05
/flume/cubetv/like_push_down_total_detail,14474550,1.31645E-05
/flume/pinpincart/pinpincart_show_user_event,13807494,1.25578E-05
/flume/imogamesdk/imogamesdk_show_user_event,13722189,1.24803E-05
/flume/hellotalk/hello_room_theme_update,13165407,1.19739E-05
/flume/bigolive/bigo_party_friends,12824454,1.16638E-05
/flume/instatus/instatus_login,12287916,1.11758E-05
/flume/like/like_pc_owner_live_stat,11606949,1.05565E-05
/flume/imolive/imolive_room_push_event,10514343,9.56274E-06
/flume/bigolive/bigo_party_room,10317504,9.38372E-06
/flume/tob/PTOBStreamStat,10005453,9.09991E-06
/flume/ofree/ofree_install,9931269,9.03244E-06
/flume/like/server_theme_room_stats,9594819,8.72644E-06
/flume/instatus/instatus_appsflyer_push,9330831,8.48634E-06
/flume/like/like_show_room_msg_stat,9306687,8.46438E-06
/flume/like/like_media_stats,9029109,8.21193E-06
/flume/cupid/cupid_guard_info,7954629,7.23469E-06
/flume/bigopay/bigopay_show_user_event,7685031,6.98949E-06
/flume/bigolive/video_play_upload_stats,7360377,6.69422E-06
/flume/bigolive/bigo_guinness_rank,6117282,5.56364E-06
/flume/bigolive/bigo_party_guide,4871877,4.43095E-06
/flume/indigo/indigo_imo_out_popup_prompt,4790598,4.35702E-06
/flume/bigolive/bigo_sms_score,3604158,3.27796E-06
/flume/bigolive/bigo_party_invite_list,3573471,3.25005E-06
/flume/bigolive/user,3259629,2.96462E-06
/flume/like/like_install_bak,2869158,2.60948E-06
/flume/indigo/tmp,2759775,2.51E-06
/flume/cubetv/cube_show_user_event_v2,2649438,2.40965E-06
/flume/like/like_login_bak,2463087,2.24016E-06
/flume/cubetv/cube_daily_report_stat_sdk,2391252,2.17483E-06
/flume/bigolive/broom_live_report,2295966,2.08817E-06
/flume/bigolive/broom_room_user_stat,1836855,1.67061E-06
/flume/bigolive/tbl_purchase_order_day_from_binlog,1668630,1.51761E-06
/flume/1v1/bigo_happy_hour_login_stat,1397421,1.27095E-06
/flume/bigolive/quality_pic_download_stats,1170183,1.06428E-06
/flume/like/like_live_user_igbore_ban,1144431,1.04085E-06
/flume/bigolive/bigo_party_sayhi,1104894,1.0049E-06
/flume/bigolive/live_3dgift_effect_nfy_event,1030743,9.37455E-07
/flume/bigolive/bigo_get_lucky_arrow,1020570,9.28203E-07
/flume/bigo_ad/bigoad_tracker_cost_check,976182,8.87832E-07
/flume/bigo_ad/bigo_ad_feature_log_v1_parquet_v1,757023,6.88508E-07
/flume/indigo/imo_limit_time_task,711999,6.47559E-07
/flume/pinpincart/ec_shopping_scene,698265,6.35068E-07
/flume/cubetv/cube_user_fore_back_info,630018,5.72998E-07
/flume/bigolive/bigo_1vs1_anchor,601692,5.47236E-07
/flume/hellotalk/hello_room_mic_info,542172,4.93103E-07
/flume/ludo/ludo_helloyosdk_room_stat,486393,4.42372E-07
/flume/like/like_feature_log_tmp,476613,4.33477E-07
/flume/like/like_register_bak,402393,3.65974E-07
/flume/ofree/ofree_register,364875,3.31852E-07
/flume/imolive/imo_medal_day_info,344592,3.13405E-07
/flume/hellotalk/hello_es_sync_version_conflict,325509,2.96049E-07
/flume/hellotalk/ludo_helloyosdk_media_stat,286092,2.60199E-07
/flume/bigolive/bigolive_3dayslottery_day_info,257319,2.3403E-07
/flume/bigolive/push_token_stat,236037,2.14674E-07
/flume/like/rec_push_aggregation,215430,1.95932E-07
/flume/test/test_show_user_event,213102,1.93815E-07
/flume/bigolive/broom_pk_line_track_info,199731,1.81654E-07
/flume/bigolive/bigo_lbs_ip_blacklist,193719,1.76186E-07
/flume/cubetv/cube_install_stat_sdk,180957,1.64579E-07
/flume/like/like_user_event_0301030,131490,1.19589E-07
/flume/like/brec_push_aggregation_tcp,120711,1.09786E-07
/flume/tob/toB_online_channel_list,114903,1.04504E-07
/flume/cubetv/cube_login_stat_sdk,105891,9.63073E-08
/flume/dak/dak_appsflyer_push,86850,7.89896E-08
/flume/like/brec_push_aggregation_sandbox,80412,7.31343E-08
/flume/bigolive/bigo_show_common_Stats,74829,6.80566E-08
/flume/cupid/cupid_couple_event,55185,5.01905E-08
/flume/hellotalk/hello_week_sign_in_push,50337,4.57812E-08
/flume/cubetv/cube_register_stat_sdk,44559,4.05262E-08
/flume/bigolive/like_app_user_new_all_decrypt,39756,3.61579E-08
/flume/like/like_short_video_gift_flower,32418,2.9484E-08
/flume/bigolive/backend_test,23433,2.13122E-08
/flume/indigolive/indigo_proto_event_stat,18246,1.65946E-08
/flume/like/forward_msg_stats,17691,1.60899E-08
/flume/bigolive/lbs_http_query_addr_info,16665,1.51567E-08
/flume/bigolive/audit_ml_result,15861,1.44255E-08
/flume/common/nerv_performance_test,13155,1.19644E-08
/flume/hellotalk/json_upload_test,10368,9.42964E-09
/flume/tob/toB_lastest_channel_list,9102,8.27822E-09
/flume/hellotalk/hello_mphello_media_stat,8940,8.13088E-09
/flume/indigo/bles_living_or_mic_on_off_report,7632,6.94126E-09
/flume/cupid/platform_push_hive,6576,5.98084E-09
/flume/bigolive/bigo_pc_link_session,5688,5.17321E-09
/flume/bigolive/bigo_SendBroadcasterRecvReward2HiveReq,5643,5.13228E-09
/flume/ofree/ofree_user_info_change,5208,4.73665E-09
/flume/like/video_play_upload_stats,3075,2.7967E-09
/flume/bigolive/test_host,2889,2.62753E-09
/flume/bigolive/bigo_vlog_feature,2601,2.3656E-09
/flume/like/theme_live_stats,2337,2.12549E-09
/flume/like/video_play_download_stats,1269,1.15415E-09
/flume/like/like_top_users_video_transcode,828,7.53062E-10
/flume/bigolive/bigo_sms_fianl_status,735,6.68479E-10
/flume/like/like_sms_score,681,6.19366E-10
