/data/apps/us_sync/data/MonitorManager.beast_photo_download_stable,526091
/data/apps/us_sync/data/MonitorManager.anti_sdk_stable,319450
/data/apps/us_sync/data/MonitorManager.ad_show_stable,301184
/data/apps/us_sync/data/MonitorManager.story_show_stable,293662
/data/apps/us_sync/data/MonitorManager.user_activity_stable,289328
/data/apps/us_sync/data/MonitorManager.start_imo_stable,250489
/data/apps/us_sync/data/PIN.set_session_activity,243982
/data/apps/us_sync/data/MonitorManager.ad_show_beta,171908
/data/apps/us_sync/data/MonitorManager.show_push2,167052
/data/apps/us_sync/data/Bandit.get_strategy_users,159383
/data/apps/us_sync/data/MonitorManager.story_stream_stable,146641
/data/apps/us_sync/data/MonitorManager.beast_photo_download_beta,126065
/data/apps/us_sync/data/MonitorManager.story_view_stable,105202
/data/apps/us_sync/data/MonitorManager.nerv_vs_http,99176
/data/apps/us_sync/data/MonitorManager.story_show_beta,92781
/data/apps/us_sync/data/MonitorManager.feeds_stable,91452
/data/apps/us_sync/data/PIN.observed_user_activity2,87284
/data/apps/us_sync/data/PIN.recv_im2,87215
/data/apps/us_sync/data/MonitorManager.start_call_stable,85834
/data/apps/us_sync/data/MonitorManager.anti_sdk_beta,83378
/data/apps/us_sync/data/MonitorManager.http_video_download_stable,82408
/data/apps/us_sync/data/MonitorManager.user_activity_beta,81255
/data/apps/us_sync/data/MonitorManager.calls_stable,80062
/data/apps/us_sync/data/MonitorManager.send_im_beta,80055
/data/apps/us_sync/data/MonitorManager.talk_time_stable,79598
/data/apps/us_sync/data/MonitorManager.ad_location_show_beta,62376
/data/apps/us_sync/data/MonitorManager.beast_audio_download_stable,59156
/data/apps/us_sync/data/MonitorManager.story_stream_beta,58220
/data/apps/us_sync/data/PIN.send_im2,57860
/data/apps/us_sync/data/MonitorManager.sms_delivery_stable,49687
/data/apps/us_sync/data/MonitorManager.suggest_invite,49539
/data/apps/us_sync/data/MonitorManager.pm_android_function_traffic_lite,49239
/data/apps/us_sync/data/pulsar_exception_topic,48622
/data/apps/us_sync/data/MonitorManager.sms_delivery_beta,47251
/data/apps/us_sync/data/MonitorManager.joined_from_invite,47172
/data/apps/us_sync/data/MonitorManager.suggest_invite_ios,45895
/data/apps/us_sync/data/MonitorManager.beast_audio_upload_beta,45248
/data/apps/us_sync/data/MonitorManager.modify_profile_stable,44687
/data/apps/us_sync/data/MonitorManager.story_view_beta,44168
/data/apps/us_sync/data/MonitorManager.feeds_beta,43747
/data/apps/us_sync/data/MonitorManager.get_cloud_config,43522
/data/apps/us_sync/data/MonitorManager.open_groupchat_stable,43492
/data/apps/us_sync/data/MonitorManager.group_announcement_stable,43453
/data/apps/us_sync/data/MonitorManager.calls_beta,43433
/data/apps/us_sync/data/IndigoFeeds.get_feed_entry,43426
/data/apps/us_sync/data/MonitorManager.biggroup_space_stable,43392
/data/apps/us_sync/data/MonitorManager.channel,43379
/data/apps/us_sync/data/PIN.add_buddy,43360
/data/apps/us_sync/data/MonitorManager.biggroup_beta,43354
/data/apps/us_sync/data/MonitorManager.recv_groupim_stable,43330
/data/apps/us_sync/data/MonitorManager.send_groupim_stable,43327
/data/apps/us_sync/data/MonitorManager.biggroup_space_beta,43272
/data/apps/us_sync/data/MonitorManager.leave_groupchat_beta,43258
/data/apps/us_sync/data/MonitorManager.leave_groupchat_stable,43253
/data/apps/us_sync/data/MonitorManager.send_groupim_beta,43249
/data/apps/us_sync/data/PIN.block_buddy,43238
/data/apps/us_sync/data/MonitorManager.open_groupchat_beta,43236
/data/apps/us_sync/data/MonitorManager.player_opt_info_beta,43231
/data/apps/us_sync/data/MonitorManager.player_base_info_beta,43230
/data/apps/us_sync/data/MonitorManager.change_profile_pic_stable,43228
/data/apps/us_sync/data/MonitorManager.biggroup_stable,43228
/data/apps/us_sync/data/MonitorManager.av_inviter,43221
/data/apps/us_sync/data/MonitorManager.modify_profile_beta,43220
/data/apps/us_sync/data/MonitorManager.request_phone_code,43220
/data/apps/us_sync/data/MonitorManager.get_started,43216
/data/apps/us_sync/data/MonitorManager.change_profile_pic_beta,43216
/data/apps/us_sync/data/BigoReview.big_group_chat,43211
/data/apps/us_sync/data/MonitorManager.group_announcement_beta,43207
/data/apps/us_sync/data/MonitorManager.addblock,43206
/data/apps/us_sync/data/MonitorManager.sms_retriever,43200
/data/apps/us_sync/data/MonitorManager.location_authorize_stable,43193
/data/apps/us_sync/data/MonitorManager.access_profile_ios,43193
/data/apps/us_sync/data/MonitorManager.recv_groupim_beta,43193
/data/apps/us_sync/data/MonitorManager.saved_sms_request,43189
/data/apps/us_sync/data/MonitorManager.biggroup_ios,43184
/data/apps/us_sync/data/MonitorManager.name_age_activity,43182
/data/apps/us_sync/data/MonitorManager.signup_has_token,43178
/data/apps/us_sync/data/MonitorManager.open_groupchat_ios,43177
/data/apps/us_sync/data/MonitorManager.normal_share2__stable,43177
/data/apps/us_sync/data/MonitorManager.check_phone_code,43174
/data/apps/us_sync/data/MonitorManager.phone_register,43170
/data/apps/us_sync/data/MonitorManager.biggroup_space_ios,43166
/data/apps/us_sync/data/MonitorManager.normal_share2_beta,43158
/data/apps/us_sync/data/MonitorManager.check_code_failed,43151
/data/apps/us_sync/data/MonitorManager.leave_groupchat_ios,43146
/data/apps/us_sync/data/MonitorManager.group_announcement_ios,43134
/data/apps/us_sync/data/MonitorManager.location_authorize_beta,43131
/data/apps/us_sync/data/MonitorManager.recv_groupim_ios,43115
/data/apps/us_sync/data/MonitorManager.send_groupim_ios,43115
/data/apps/us_sync/data/ImoAccount.blocked_phones,43110
/data/apps/us_sync/data/MonitorManager.name_age_activity_ios,43098
/data/apps/us_sync/data/MonitorManager.get_started_ios,43094
/data/apps/us_sync/data/MonitorManager.recv_im_beta,42611
/data/apps/us_sync/data/MonitorManager.modify_profile_ios,42549
/data/apps/us_sync/data/GCM.push,42165
/data/apps/us_sync/data/MonitorManager.beast_audio_download_beta,42042
/data/apps/us_sync/data/Discover.discover_resource_counter,41892
/data/apps/us_sync/data/MonitorManager.recv_im_stable,41751
/data/apps/us_sync/data/MonitorManager.msg_opt,41658
/data/apps/us_sync/data/MonitorManager.http_video_download_beta,41535
/data/apps/us_sync/data/MonitorManager.beast_audio_upload_stable,41412
/data/apps/us_sync/data/MonitorManager.feeds_im_show_stable,41198
/data/apps/us_sync/data/MonitorManager.player_loading_info_beta,41134
/data/apps/us_sync/data/MonitorManager.story_stream_ios,40996
/data/apps/us_sync/data/MonitorManager.story_view_ios,40845
/data/apps/us_sync/data/MonitorManager.photo_selector,40766
/data/apps/us_sync/data/MonitorManager.media_compress,40575
/data/apps/us_sync/data/MonitorManager.premium,40550
/data/apps/us_sync/data/MonitorManager.imo_out_view,40484
/data/apps/us_sync/data/MonitorManager.beast_video_upload_stable,40473
/data/apps/us_sync/data/MonitorManager.emoji_click,40420
/data/apps/us_sync/data/MonitorManager.ui_block_detail_stable,40313
/data/apps/us_sync/data/MonitorManager.anr_detail_stable,40309
/data/apps/us_sync/data/MonitorManager.explore_show,40305
/data/apps/us_sync/data/MonitorManager.honor,40294
/data/apps/us_sync/data/MonitorManager.feeds_im_show_beta,40250
/data/apps/us_sync/data/ImoLevel.level_info,40228
/data/apps/us_sync/data/BroadCast.story_all,40175
/data/apps/us_sync/data/Room.room_close,40138
/data/apps/us_sync/data/MonitorManager.beast_video_upload_beta,40129
/data/apps/us_sync/data/MonitorManager.ui_block_detail_beta,40128
/data/apps/us_sync/data/MonitorManager.joined_from_invite_ios,40124
/data/apps/us_sync/data/MonitorManager.avactivity_s1,40122
/data/apps/us_sync/data/Discover.discover_operation_data,40118
/data/apps/us_sync/data/MonitorManager.anr_detail_beta,40116
/data/apps/us_sync/data/MonitorManager.audio_chunked_upload_time_ios,40108
/data/apps/us_sync/data/OAuthManager.open_id_to_uid,40105
/data/apps/us_sync/data/MonitorManager.video_chunked_upload_time_ios,40103
/data/apps/us_sync/data/BigoReview.profile_display_name_forward,40098
/data/apps/us_sync/data/MonitorManager.imo_out_call,40092
/data/apps/us_sync/data/StoryRecommend.recommend_story,40091
/data/apps/us_sync/data/MonitorManager.feeds_im_click_beta,40090
/data/apps/us_sync/data/MonitorManager.imo_out_opt,40085
/data/apps/us_sync/data/MonitorManager.feeds_im_click_stable,40084
/data/apps/us_sync/data/MonitorManager.story_sent_ios,40071
/data/apps/us_sync/data/Greeting.push_ab,40062
/data/apps/us_sync/data/SMSStatistic.stat_sms_cost,40062
/data/apps/us_sync/data/MonitorManager.photo_chunked_upload_time_ios,40048
/data/apps/us_sync/data/MonitorManager.imo_out_dev,40043
/data/apps/us_sync/data/MonitorManager.stranger_profile,40034
/data/apps/us_sync/data/ExtraProfile.add_honor,39991
/data/apps/us_sync/data/MonitorManager.start_imo_beta,39921
/data/apps/us_sync/data/BigGroup.imoteam_server_distribute_notification,39857
/data/apps/us_sync/data/MonitorManager.sticker_delete,39809
/data/apps/us_sync/data/MonitorManager.h5pic_action_stable,39753
/data/apps/us_sync/data/MonitorManager.premium_ios,39284
/data/apps/us_sync/data/MonitorManager.talk_time_beta,38987
/data/apps/us_sync/data/MonitorManager.beast_video_download_stable,38922
/data/apps/us_sync/data/MonitorManager.beast_photo_upload_stable,38903
/data/apps/us_sync/data/MonitorManager.photo_sent_stable,38863
/data/apps/us_sync/data/MonitorManager.app_open_stable_uid8,38586
/data/apps/us_sync/data/MonitorManager.access_profile,38549
/data/apps/us_sync/data/MonitorManager.beast_video_download_beta,38539
/data/apps/us_sync/data/MonitorManager.beast_photo_upload_beta,38509
/data/apps/us_sync/data/MonitorManager.send_im_for_uiab,38503
/data/apps/us_sync/data/MonitorManager.photo_sent_beta,38488
/data/apps/us_sync/data/MonitorManager.beast_camera_stable,38477
/data/apps/us_sync/data/MonitorManager.beast_view_stable,38470
/data/apps/us_sync/data/MonitorManager.video_sent_stable,38468
/data/apps/us_sync/data/ImoAccount.signup_data,38459
/data/apps/us_sync/data/MonitorManager.app_open_beta_uid8,38440
/data/apps/us_sync/data/MonitorManager.stranger_profile_ios,38412
/data/apps/us_sync/data/MonitorManager.signup,38345
/data/apps/us_sync/data/MonitorManager.add_friends_activity,38341
/data/apps/us_sync/data/MonitorManager.group_talk_time_beta,38341
/data/apps/us_sync/data/MonitorManager.album_stream_stable,38339
/data/apps/us_sync/data/MonitorManager.group_profile,38336
/data/apps/us_sync/data/MonitorManager.beast_camera_beta,38326
/data/apps/us_sync/data/MonitorManager.beast_view_beta,38325
/data/apps/us_sync/data/MonitorManager.video_sent_beta,38324
/data/apps/us_sync/data/MonitorManager.album_stream_beta,38324
/data/apps/us_sync/data/MonitorManager.referrer,38322
/data/apps/us_sync/data/MonitorManager.file_card_opt,38309
/data/apps/us_sync/data/MonitorManager.account_settings,38306
/data/apps/us_sync/data/MonitorManager.group_talk_time_stable,38299
/data/apps/us_sync/data/MonitorManager.recall_sms,38085
/data/apps/us_sync/data/Premium.premium_android,37640
/data/apps/us_sync/data/MonitorManager.popup,34096
/data/apps/us_sync/data/MonitorManager.http_photo_download_stable,33731
/data/apps/us_sync/data/MonitorManager.push_log,32888
/data/apps/us_sync/data/Nearby.stranger_interactive_record,32291
/data/apps/us_sync/data/MonitorManager.av_function_button_beta,31993
/data/apps/us_sync/data/MonitorManager.ad_location_show_stable,31771
/data/apps/us_sync/data/MonitorManager.macaw_audio_chat.shard_n,31635
/data/apps/us_sync/data/MonitorManager.appsflyer_info,31618
/data/apps/us_sync/data/MonitorManager.start_imo_lite,31607
/data/apps/us_sync/data/MonitorManager.macaw_video_chat.shard_h,31478
/data/apps/us_sync/data/MonitorManager.room_talk_time_stable,31435
/data/apps/us_sync/data/MonitorManager.macaw_audio_chat.shard_c,31431
/data/apps/us_sync/data/MonitorManager.macaw_video_chat.shard_n,31350
/data/apps/us_sync/data/Tracker.activity,31194
/data/apps/us_sync/data/MonitorManager.macaw_audio_chat.shard_h,31009
/data/apps/us_sync/data/MonitorManager.sent_invite_ios,30937
/data/apps/us_sync/data/MonitorManager.macaw_video_chat.shard_c,30875
/data/apps/us_sync/data/MonitorManager.story_timing,30847
/data/apps/us_sync/data/MonitorManager.macaw_audio_chat.shard_f,30741
/data/apps/us_sync/data/MonitorManager.macaw_video_chat.shard_k,30735
/data/apps/us_sync/data/MonitorManager.start_call_lite,30669
/data/apps/us_sync/data/MonitorManager.story_stream_hd,30655
/data/apps/us_sync/data/MonitorManager.macaw_audio_chat.shard_e,30649
/data/apps/us_sync/data/MonitorManager.push_log_once_daily,30630
/data/apps/us_sync/data/MonitorManager.macaw_audio_chat.shard_m,30625
/data/apps/us_sync/data/MonitorManager.send_im_time_uid9,30598
/data/apps/us_sync/data/MonitorManager.macaw_video_chat.shard_l,30581
/data/apps/us_sync/data/MonitorManager.macaw_video_chat.shard_e,30530
/data/apps/us_sync/data/MonitorManager.macaw_audio_chat.shard_k,30529
/data/apps/us_sync/data/MonitorManager.macaw_audio_chat.shard_a,30490
/data/apps/us_sync/data/MonitorManager.android_traffic_beta,30482
/data/apps/us_sync/data/MonitorManager.macaw_audio_chat.shard_g,30416
/data/apps/us_sync/data/MonitorManager.macaw_audio_chat.shard_b,30378
/data/apps/us_sync/data/MonitorManager.macaw_audio_chat.shard_l,30348
/data/apps/us_sync/data/MonitorManager.macaw_video_chat.shard_m,30270
/data/apps/us_sync/data/MonitorManager.macaw_video_chat.shard_j,30268
/data/apps/us_sync/data/MonitorManager.macaw_video_chat.shard_b,30268
/data/apps/us_sync/data/MonitorManager.macaw_audio_chat.shard_p,30222
/data/apps/us_sync/data/MonitorManager.macaw_audio_chat.shard_o,30178
/data/apps/us_sync/data/MonitorManager.im_opt_total_beta,30175
/data/apps/us_sync/data/MonitorManager.macaw_video_chat.shard_g,30142
/data/apps/us_sync/data/MonitorManager.macaw_video_chat.shard_a,30132
/data/apps/us_sync/data/MonitorManager.im_opt_total_stable,30107
/data/apps/us_sync/data/MonitorManager.macaw_video_chat.shard_f,30077
/data/apps/us_sync/data/MonitorManager.macaw_video_chat.shard_i,30066
/data/apps/us_sync/data/MonitorManager.macaw_audio_chat.shard_d,30001
/data/apps/us_sync/data/MonitorManager.chats_menu,29983
/data/apps/us_sync/data/MonitorManager.video_player_stable,29960
/data/apps/us_sync/data/MonitorManager.macaw_audio_chat.shard_i,29944
/data/apps/us_sync/data/BigGroupSearch.big_group_recommend_score,29929
/data/apps/us_sync/data/MonitorManager.input_status_stable,29929
/data/apps/us_sync/data/MonitorManager.chatroom_opt,29925
/data/apps/us_sync/data/MonitorManager.macaw_audio_chat.shard_j,29920
/data/apps/us_sync/data/MonitorManager.macaw_video_chat.shard_d,29917
/data/apps/us_sync/data/MonitorManager.android_memory2_stable,29917
/data/apps/us_sync/data/MonitorManager.android_traffic_lite,29911
/data/apps/us_sync/data/MonitorManager.video_player_beta,29908
/data/apps/us_sync/data/MonitorManager.app_start_beta,29896
/data/apps/us_sync/data/MonitorManager.av_function_button_stable,29888
/data/apps/us_sync/data/MonitorManager.android_memory2_beta,29874
/data/apps/us_sync/data/MonitorManager.file_transfer_stable,29873
/data/apps/us_sync/data/MonitorManager.pm_call_info_click_lite,29842
/data/apps/us_sync/data/PIN.added_as_contact_notification,29836
/data/apps/us_sync/data/MonitorManager.user_activity_lite,29834
/data/apps/us_sync/data/MonitorManager.start_call_ios,29825
/data/apps/us_sync/data/MonitorManager.failed_messages_stat,29824
/data/apps/us_sync/data/MonitorManager.msm_click,29815
/data/apps/us_sync/data/MonitorManager.macaw_video_chat.shard_o,29805
/data/apps/us_sync/data/MonitorManager.storage_space,29800
/data/apps/us_sync/data/MonitorManager.im_opt_total_ios,29799
/data/apps/us_sync/data/MonitorManager.player_opt_info_stable,29798
/data/apps/us_sync/data/MonitorManager.msg_panel_tab_transfer,29792
/data/apps/us_sync/data/MonitorManager.file_transfer_beta,29791
/data/apps/us_sync/data/MonitorManager.reverse_activity,29790
/data/apps/us_sync/data/BigGroup.send_msg,29782
/data/apps/us_sync/data/MonitorManager.update_activity,29774
/data/apps/us_sync/data/MonitorManager.whos_online_leave,29770
/data/apps/us_sync/data/MonitorManager.main_activity_lite,29767
/data/apps/us_sync/data/MonitorManager.stranger_profile_leave,29761
/data/apps/us_sync/data/recv_back_notification.receiver_test,29745
/data/apps/us_sync/data/MonitorManager.main_setting_stable,29729
/data/apps/us_sync/data/Relationship.stranger_interactive_record,29721
/data/apps/us_sync/data/ImoChannelManager.mute_channel,29714
/data/apps/us_sync/data/MonitorManager.story_view_lite,29713
/data/apps/us_sync/data/MonitorManager.talk_time_lite,29712
/data/apps/us_sync/data/MonitorManager.sticker_sent,29708
/data/apps/us_sync/data/MonitorManager.story_stream_lite,29706
/data/apps/us_sync/data/MonitorManager.open_chat_lite,29698
/data/apps/us_sync/data/Profile.stranger_interactive_record,29690
/data/apps/us_sync/data/MonitorManager.new_friends_show,29684
/data/apps/us_sync/data/MonitorManager.app_start_stable,29681
/data/apps/us_sync/data/MonitorManager.android_memory2_lite,29672
/data/apps/us_sync/data/MonitorManager.story_sent_lite,29671
/data/apps/us_sync/data/MonitorManager.num_contacts_stable,29670
/data/apps/us_sync/data/MonitorManager.request_phone_code_lite,29665
/data/apps/us_sync/data/MonitorManager.num_contacts_beta,29663
/data/apps/us_sync/data/MonitorManager.delete_account_feedback_stable,29657
/data/apps/us_sync/data/MonitorManager.delete_account_feedback_beta,29653
/data/apps/us_sync/data/MonitorManager.app_start_lite,29645
/data/apps/us_sync/data/MonitorManager.chatroom_view,29644
/data/apps/us_sync/data/MonitorManager.link_click,29641
/data/apps/us_sync/data/MonitorManager.client_share_ios,29637
/data/apps/us_sync/data/send_back_notification.receiver_test,29636
/data/apps/us_sync/data/MonitorManager.main_activity_ios,29635
/data/apps/us_sync/data/MonitorManager.calls_lite,29633
/data/apps/us_sync/data/MonitorManager.retried_messages_stat,29632
/data/apps/us_sync/data/MonitorManager.whos_online_click,29631
/data/apps/us_sync/data/MonitorManager.new_friends_list_click,29631
/data/apps/us_sync/data/MonitorManager.main_setting_beta,29626
/data/apps/us_sync/data/MonitorManager.story_show_hd,29626
/data/apps/us_sync/data/MonitorManager.msg_panel_gif_text_show,29623
/data/apps/us_sync/data/MonitorManager.pm_new_friends_tmp_chat,29622
/data/apps/us_sync/data/MonitorManager.select_album,29622
/data/apps/us_sync/data/MonitorManager.function_show,29621
/data/apps/us_sync/data/MonitorManager.appsflyer_info_lite,29619
/data/apps/us_sync/data/MonitorManager.h5_webview_stable,29619
/data/apps/us_sync/data/Greeting.stranger_interactive_record,29618
/data/apps/us_sync/data/MonitorManager.msg_panel_sticker_logo_click,29616
/data/apps/us_sync/data/MonitorManager.num_contacts_lite,29615
/data/apps/us_sync/data/MonitorManager.chats_menu_ios,29614
/data/apps/us_sync/data/MonitorManager.temporary_chat_send_msg,29610
/data/apps/us_sync/data/MonitorManager.storage_space_ios,29610
/data/apps/us_sync/data/BigoReview.profile_icon_forward,29609
/data/apps/us_sync/data/Visitor.stranger_interactive_record,29606
/data/apps/us_sync/data/MonitorManager.story_setting3,29605
/data/apps/us_sync/data/MonitorManager.msg_panel_leave,29604
/data/apps/us_sync/data/MonitorManager.pm_network_connection_failed_lite,29604
/data/apps/us_sync/data/MonitorManager.recent_visitor_list_leave,29603
/data/apps/us_sync/data/MonitorManager.saved_sms_request_lite,29603
/data/apps/us_sync/data/MonitorManager.signup_lite,29601
/data/apps/us_sync/data/MonitorManager.whos_online_show,29599
/data/apps/us_sync/data/MonitorManager.h5_webview_beta,29597
/data/apps/us_sync/data/MonitorManager.get_started_lite,29597
/data/apps/us_sync/data/MonitorManager.name_age_activity_lite,29596
/data/apps/us_sync/data/MonitorManager.whos_online_hellolist_click,29596
/data/apps/us_sync/data/MonitorManager.macaw_video_chat.shard_p,29593
/data/apps/us_sync/data/MonitorManager.recent_visitor_list_click,29592
/data/apps/us_sync/data/MonitorManager.temporary_chat_click,29591
/data/apps/us_sync/data/MonitorManager.player_loading_base_stable,29591
/data/apps/us_sync/data/MonitorManager.location_select_stable,29582
/data/apps/us_sync/data/MonitorManager.pm_av_talk_feedback,29582
/data/apps/us_sync/data/MonitorManager.link_click_ios,29581
/data/apps/us_sync/data/BigGroup.setting_new_role,29574
/data/apps/us_sync/data/MonitorManager.select_language,29573
/data/apps/us_sync/data/MonitorManager.av_inviter_lite,29572
/data/apps/us_sync/data/MonitorManager.upload_profile_pic_lite,29568
/data/apps/us_sync/data/MonitorManager.new_friends_leave,29565
/data/apps/us_sync/data/MonitorManager.referral_url_stable,29561
/data/apps/us_sync/data/MonitorManager.buddy_added_time,29551
/data/apps/us_sync/data/MonitorManager.check_phone_code_lite,29549
/data/apps/us_sync/data/MonitorManager.popup_launch_temporary,29548
/data/apps/us_sync/data/MonitorManager.appsfly_start,29543
/data/apps/us_sync/data/MonitorManager.msg_panel_send_gif,29539
/data/apps/us_sync/data/MonitorManager.pm_storage_space_lite,29533
/data/apps/us_sync/data/MonitorManager.beast_file_upload_stable,29517
/data/apps/us_sync/data/MonitorManager.player_opt_base_stable,29503
/data/apps/us_sync/data/MonitorManager.referral_url_beta,29462
/data/apps/us_sync/data/MonitorManager.beast_file_upload_beta,29320
/data/apps/us_sync/data/SpamChecker.banned_phone,29318
/data/apps/us_sync/data/MonitorManager.location_select_beta,29289
/data/apps/us_sync/data/MonitorManager.delete_account_feedback_ios,29258
/data/apps/us_sync/data/SecurityCenter.check_block,29249
/data/apps/us_sync/data/MonitorManager.referrer_lite,29195
/data/apps/us_sync/data/MonitorManager.apps2_stable,29162
/data/apps/us_sync/data/PIN.delete_buddy,29045
/data/apps/us_sync/data/MonitorManager.story_sent_stable,29025
/data/apps/us_sync/data/MonitorManager.referral_url_ios,28959
/data/apps/us_sync/data/MonitorManager.story_sent_beta,28930
/data/apps/us_sync/data/ImoAccount.deleted_account,28907
/data/apps/us_sync/data/PIN.send_recv2,28781
/data/apps/us_sync/data/PIN.name_change_requests,28699
/data/apps/us_sync/data/MonitorManager.pm_scoring_popup_lite,28269
/data/apps/us_sync/data/MonitorManager.http_photo_download_beta,28196
/data/apps/us_sync/data/macaw.conv_stats.shard_j,28160
/data/apps/us_sync/data/macaw.conv_stats.shard_c,28111
/data/apps/us_sync/data/MonitorManager.user_activity_hd,28102
/data/apps/us_sync/data/MonitorManager.main_activity,28024
/data/apps/us_sync/data/MonitorManager.open_chat_beta,28014
/data/apps/us_sync/data/MonitorManager.photo_view2_stable,27874
/data/apps/us_sync/data/macaw.conv_stats.shard_d,27806
/data/apps/us_sync/data/MonitorManager.open_chat_stable,27775
/data/apps/us_sync/data/macaw.conv_stats.shard_b,27719
/data/apps/us_sync/data/MonitorManager.start_call_beta,27701
/data/apps/us_sync/data/macaw.conv_stats.shard_n,27700
/data/apps/us_sync/data/MonitorManager.new_own_profile,27695
/data/apps/us_sync/data/MonitorManager.music_play_stable,27677
/data/apps/us_sync/data/MonitorManager.main_activity_beta,27675
/data/apps/us_sync/data/MonitorManager.search_result_stable,27674
/data/apps/us_sync/data/MonitorManager.start_imo_hd,27666
/data/apps/us_sync/data/MonitorManager.room_talk_time_beta,27601
/data/apps/us_sync/data/MonitorManager.photo_share,27592
/data/apps/us_sync/data/MonitorManager.music_play_beta,27579
/data/apps/us_sync/data/MonitorManager.search_result_beta,27551
/data/apps/us_sync/data/macaw.conv_stats.shard_e,27543
/data/apps/us_sync/data/MonitorManager.audio_sent_stable,27542
/data/apps/us_sync/data/MonitorManager.in_app_ios,27538
/data/apps/us_sync/data/MonitorManager.photo_view2_beta,27522
/data/apps/us_sync/data/MonitorManager.start_call_hd,27520
/data/apps/us_sync/data/MonitorManager.client_share_stable,27519
/data/apps/us_sync/data/MonitorManager.upload_profile_pic,27496
/data/apps/us_sync/data/MonitorManager.music_pendent_detail,27453
/data/apps/us_sync/data/MonitorManager.talk_time_ios,27452
/data/apps/us_sync/data/MonitorManager.audio_sent_beta,27449
/data/apps/us_sync/data/MonitorManager.channel_beta,27449
/data/apps/us_sync/data/MonitorManager.camera_sticker,27438
/data/apps/us_sync/data/MonitorManager.calls_hd,27437
/data/apps/us_sync/data/MonitorManager.music_play_ios,27428
/data/apps/us_sync/data/MonitorManager.search_result_ios,27422
/data/apps/us_sync/data/MonitorManager.myfiles_stable,27420
/data/apps/us_sync/data/MonitorManager.burger_ios,27414
/data/apps/us_sync/data/MonitorManager.open_album_stable,27414
/data/apps/us_sync/data/macaw.conv_stats.shard_o,27411
/data/apps/us_sync/data/MonitorManager.myfiles_beta,27406
/data/apps/us_sync/data/MonitorManager.create_group,27399
/data/apps/us_sync/data/MonitorManager.invite_function_overall_beta,27399
/data/apps/us_sync/data/AVManager.call_not_answered_audio_chat.shard_n,27397
/data/apps/us_sync/data/MonitorManager.talk_time_hd,27397
/data/apps/us_sync/data/MonitorManager.open_album_beta,27395
/data/apps/us_sync/data/AVManager.call_not_answered_audio_chat.shard_j,27388
/data/apps/us_sync/data/MonitorManager.myfiles_ios,27386
/data/apps/us_sync/data/macaw.conv_stats.shard_f,27382
/data/apps/us_sync/data/MonitorManager.story_view_hd,27380
/data/apps/us_sync/data/MonitorManager.location_info,27365
/data/apps/us_sync/data/AVManager.call_not_answered_audio_chat.shard_h,27364
/data/apps/us_sync/data/AVManager.call_not_answered_audio_chat.shard_l,27364
/data/apps/us_sync/data/MonitorManager.client_share_beta,27360
/data/apps/us_sync/data/MonitorManager.new_own_profile_ios,27356
/data/apps/us_sync/data/AVManager.call_not_answered_video_chat.shard_e,27355
/data/apps/us_sync/data/MonitorManager.movie_download,27354
/data/apps/us_sync/data/AVManager.call_not_answered_audio_chat.shard_c,27338
/data/apps/us_sync/data/Discover.following_feeds,27333
/data/apps/us_sync/data/AVManager.call_not_answered_audio_chat.shard_i,27325
/data/apps/us_sync/data/MonitorManager.channel_ios,27323
/data/apps/us_sync/data/MonitorManager.movie_show,27323
/data/apps/us_sync/data/MonitorManager.music_pendent_detail_ios,27321
/data/apps/us_sync/data/MonitorManager.new_own_profile_beta,27314
/data/apps/us_sync/data/MonitorManager.create_group_ios,27313
/data/apps/us_sync/data/AVManager.call_not_answered_audio_chat.shard_e,27312
/data/apps/us_sync/data/AVManager.call_not_answered_audio_chat.shard_m,27310
/data/apps/us_sync/data/AVManager.call_not_answered_audio_chat.shard_b,27309
/data/apps/us_sync/data/AVManager.call_not_answered_audio_chat.shard_g,27304
/data/apps/us_sync/data/AVManager.call_not_answered_audio_chat.shard_p,27296
/data/apps/us_sync/data/AVManager.call_not_answered_audio_chat.shard_f,27291
/data/apps/us_sync/data/AVManager.call_not_answered_audio_chat.shard_d,27290
/data/apps/us_sync/data/AVManager.call_not_answered_video_chat.shard_o,27288
/data/apps/us_sync/data/AVManager.call_not_answered_audio_chat.shard_o,27287
/data/apps/us_sync/data/AVManager.call_not_answered_audio_chat.shard_k,27286
/data/apps/us_sync/data/AVManager.call_not_answered_video_chat.shard_b,27283
/data/apps/us_sync/data/MonitorManager.story_viewer_ios,27281
/data/apps/us_sync/data/AVManager.call_not_answered_video_chat.shard_l,27281
/data/apps/us_sync/data/AVManager.call_not_answered_video_chat.shard_k,27281
/data/apps/us_sync/data/AVManager.call_not_answered_video_chat.shard_m,27278
/data/apps/us_sync/data/MonitorManager.apps2_beta,27277
/data/apps/us_sync/data/AVManager.call_not_answered_audio_chat.shard_a,27276
/data/apps/us_sync/data/AVManager.call_not_answered_video_chat.shard_p,27275
/data/apps/us_sync/data/MonitorManager.invite_function_overall_stable,27270
/data/apps/us_sync/data/AVManager.call_not_answered_video_chat.shard_g,27264
/data/apps/us_sync/data/Community.activity_push,27262
/data/apps/us_sync/data/AVManager.call_completed_audio_chat.shard_f,27261
/data/apps/us_sync/data/AVManager.call_not_answered_video_chat.shard_c,27260
/data/apps/us_sync/data/macaw.conv_stats.shard_m,27259
/data/apps/us_sync/data/AVManager.call_completed_audio_chat.shard_k,27259
/data/apps/us_sync/data/macaw.conv_stats.shard_l,27257
/data/apps/us_sync/data/MonitorManager.av_function_button_hd,27255
/data/apps/us_sync/data/AVManager.call_not_answered_video_chat.shard_n,27255
/data/apps/us_sync/data/AVManager.call_not_answered_video_chat.shard_h,27255
/data/apps/us_sync/data/AVManager.call_not_answered_video_chat.shard_d,27255
/data/apps/us_sync/data/AVManager.call_completed_video_chat.shard_f,27253
/data/apps/us_sync/data/AVManager.call_completed_video_chat.shard_a,27250
/data/apps/us_sync/data/AVManager.call_completed_audio_chat.shard_b,27250
/data/apps/us_sync/data/AVManager.call_completed_audio_chat.shard_m,27249
/data/apps/us_sync/data/Discover.friends_recommend_by_scene,27249
/data/apps/us_sync/data/AVManager.call_completed_audio_chat.shard_e,27247
/data/apps/us_sync/data/AVManager.call_not_answered_video_chat.shard_a,27246
/data/apps/us_sync/data/AVManager.call_not_answered_video_chat.shard_j,27243
/data/apps/us_sync/data/AVManager.call_not_answered_video_chat.shard_i,27243
/data/apps/us_sync/data/macaw.conv_stats.shard_p,27241
/data/apps/us_sync/data/AVManager.call_completed_audio_chat.shard_a,27241
/data/apps/us_sync/data/AVManager.call_not_answered_video_chat.shard_f,27240
/data/apps/us_sync/data/AVManager.call_completed_audio_chat.shard_l,27239
/data/apps/us_sync/data/AVManager.call_completed_audio_chat.shard_d,27239
/data/apps/us_sync/data/AVManager.call_completed_video_chat.shard_g,27236
/data/apps/us_sync/data/AVManager.call_completed_audio_chat.shard_p,27235
/data/apps/us_sync/data/macaw.group_conv_stats,27234
/data/apps/us_sync/data/AVManager.call_completed_audio_chat.shard_j,27232
/data/apps/us_sync/data/AVManager.call_completed_video_chat.shard_c,27229
/data/apps/us_sync/data/AVManager.call_completed_audio_chat.shard_o,27225
/data/apps/us_sync/data/AVManager.call_completed_audio_chat.shard_c,27224
/data/apps/us_sync/data/AVManager.call_completed_audio_chat.shard_i,27224
/data/apps/us_sync/data/AVManager.call_completed_audio_chat.shard_g,27221
/data/apps/us_sync/data/AVManager.call_completed_video_chat.shard_p,27218
/data/apps/us_sync/data/AVManager.call_completed_audio_chat.shard_h,27217
/data/apps/us_sync/data/AVManager.call_completed_video_chat.shard_h,27216
/data/apps/us_sync/data/AVManager.call_completed_video_chat.shard_b,27212
/data/apps/us_sync/data/macaw.conv_stats.shard_h,27211
/data/apps/us_sync/data/AVManager.call_completed_video_chat.shard_l,27206
/data/apps/us_sync/data/AVManager.call_completed_video_chat.shard_j,27205
/data/apps/us_sync/data/AVManager.call_completed_video_chat.shard_d,27204
/data/apps/us_sync/data/macaw.conv_stats.shard_a,27204
/data/apps/us_sync/data/AVManager.call_completed_audio_chat.shard_n,27204
/data/apps/us_sync/data/AVManager.call_completed_video_chat.shard_k,27202
/data/apps/us_sync/data/AVManager.call_completed_video_chat.shard_e,27200
/data/apps/us_sync/data/AVManager.call_completed_video_chat.shard_o,27198
/data/apps/us_sync/data/AVManager.call_completed_video_chat.shard_n,27197
/data/apps/us_sync/data/AVManager.call_completed_video_chat.shard_i,27197
/data/apps/us_sync/data/AVManager.call_completed_video_chat.shard_m,27196
/data/apps/us_sync/data/PIN.contacts_num,27189
/data/apps/us_sync/data/AVManager.ack_call_shard_g,27170
/data/apps/us_sync/data/AVManager.ack_call_shard_f,27169
/data/apps/us_sync/data/AVManager.ack_call_shard_a,27167
/data/apps/us_sync/data/AVManager.ack_call_shard_j,27163
/data/apps/us_sync/data/AVManager.ack_call_shard_o,27163
/data/apps/us_sync/data/AVManager.ack_call_shard_l,27163
/data/apps/us_sync/data/AVManager.ack_call_shard_c,27162
/data/apps/us_sync/data/AVManager.ack_call_shard_n,27162
/data/apps/us_sync/data/ImoChannelSubscribers.post,27161
/data/apps/us_sync/data/MonitorManager.push_switch_alert,27150
/data/apps/us_sync/data/AVManager.ack_call_shard_m,27149
/data/apps/us_sync/data/macaw.conv_stats.shard_g,27148
/data/apps/us_sync/data/PIN.not_enough_cp,27146
/data/apps/us_sync/data/SMSStatistic.stat_sms_request,27145
/data/apps/us_sync/data/ImoChannelSubscribers.subscribe,27145
/data/apps/us_sync/data/AVManager.ack_call_shard_p,27143
/data/apps/us_sync/data/AVManager.ack_call_shard_i,27142
/data/apps/us_sync/data/AVManager.ack_call_shard_d,27142
/data/apps/us_sync/data/AVManager.ack_call_shard_k,27139
/data/apps/us_sync/data/Follow.following,27136
/data/apps/us_sync/data/AVManager.ack_call_shard_b,27135
/data/apps/us_sync/data/AVManager.ack_call_shard_e,27133
/data/apps/us_sync/data/GroupAV.group_call_join,27127
/data/apps/us_sync/data/ImoGroups.group_member_change,27122
/data/apps/us_sync/data/SMSStatistic.stat_sms_verified,27122
/data/apps/us_sync/data/MomentUsers.push_channel,27121
/data/apps/us_sync/data/SMSStatistic.stat_sms_send,27121
/data/apps/us_sync/data/MonitorManager.story_sent_hd,27118
/data/apps/us_sync/data/ImoChannelSubscribers.unsubscribe,27118
/data/apps/us_sync/data/Room.chatroominvite_server_distribute_push,27117
/data/apps/us_sync/data/BigGroupUsers.bgserver_distribute_push,27114
/data/apps/us_sync/data/AVManager.ack_call_shard_h,27114
/data/apps/us_sync/data/MonitorManager.chatroom_opt_ios,27113
/data/apps/us_sync/data/MonitorManager.apps2_hd,27110
/data/apps/us_sync/data/BigGroup.join,27109
/data/apps/us_sync/data/macaw.conv_stats.shard_i,27105
/data/apps/us_sync/data/BigGroup.leave,27105
/data/apps/us_sync/data/BigoReview.report_event,27104
/data/apps/us_sync/data/macaw.conv_stats.shard_k,27102
/data/apps/us_sync/data/MonitorManager.apps2_lite,27101
/data/apps/us_sync/data/PIN.not_enough_cp_audio_call,27096
/data/apps/us_sync/data/MonitorManager.group_talk_time_hd,27091
/data/apps/us_sync/data/DiscoverTopic.topic_resource_data,27089
/data/apps/us_sync/data/MonitorManager.chatroom_view_ios,27088
/data/apps/us_sync/data/Dispatcher.invalid_ssid_data,27087
/data/apps/us_sync/data/SalatChannelStore.record_salat,27084
/data/apps/us_sync/data/MonitorManager.file_transfer_ios,27080
/data/apps/us_sync/data/BigGroup.join_group_apply,27065
/data/apps/us_sync/data/ImoChannelSubscribers.update_group,27065
/data/apps/us_sync/data/Community.member_join,26960
/data/apps/us_sync/data/BigGroup.biggroup_join_success,26890
/data/apps/us_sync/data/BigGroupManager.biggroup_join_success,26875
/data/apps/us_sync/data/BigGroup.biggroup_dissolved,26858
/data/apps/us_sync/data/Room.room_open,26777
/data/apps/us_sync/data/Room.follow,26735
/data/apps/us_sync/data/SalatChannelManager.push,26734
/data/apps/us_sync/data/GroupAV.call_completed,26568
/data/apps/us_sync/data/ImoChannels.pull_channel_post,26542
/data/apps/us_sync/data/Room.leave_room_event,26473
/data/apps/us_sync/data/Room.join_room_event,26434
/data/apps/us_sync/data/RoomMic.get_mic_off,26365
/data/apps/us_sync/data/RoomMic.get_mic_on,26362
/data/apps/us_sync/data/Community.member_remove,26113
/data/apps/us_sync/data/MonitorManager.movie_show_ios,26001
/data/apps/us_sync/data/MonitorManager.movie_download_beta,25974
/data/apps/us_sync/data/BigGroup.create_biggroup,25620
/data/apps/us_sync/data/BigGroup.remove_biggroup_member,25375
/data/apps/us_sync/data/BigGroup.bg_add_plugin,24152
/data/apps/us_sync/data/MonitorManager.lite_third_party_file,24127
/data/apps/us_sync/data/LiveRoom.update,24009
/data/apps/us_sync/data/Premium.premium_ios,23474
/data/apps/us_sync/data/MonitorManager.av_function_button_lite,23433
/data/apps/us_sync/data/LiveRoom.follower,23309
/data/apps/us_sync/data/BigGroup.purchase_big_group_bubble,22666
/data/apps/us_sync/data/Room.vroom_realtime_relate_num,22095
/data/apps/us_sync/data/PIN.send_feeds_push_to_client,21511
/data/apps/us_sync/data/ImoAccount.registrations,21477
/data/apps/us_sync/data/macaw.audio_periodic_stats,20744
/data/apps/us_sync/data/MonitorManager.h5pic_action_ios,20603
/data/apps/us_sync/data/PIN.subscribed_channels,20603
/data/apps/us_sync/data/Discover.discover_fof,20271
/data/apps/us_sync/data/LiveRoom.close,19973
/data/apps/us_sync/data/MonitorManager.UpdateActivity2,19912
/data/apps/us_sync/data/LiveRoom.open,19833
/data/apps/us_sync/data/MonitorManager.movie_download_ios,17976
/data/apps/us_sync/data/MonitorManager.story_album,17694
/data/apps/us_sync/data/RoomManager.purchase_chat_and_live_room_banner,17577
/data/apps/us_sync/data/ImoChannels.post,16888
/data/apps/us_sync/data/MonitorManager.location_select_ios,14919
/data/apps/us_sync/data/BroadCast.redeemed,13558
/data/apps/us_sync/data/recv_back_notification.receiver_msg_test,13158
/data/apps/us_sync/data/IndigoFeedsPush.follow_push_detail,12386
/data/apps/us_sync/data/ExtraProfile.set_ringback,11992
/data/apps/us_sync/data/BigGroupManager.bg_wake_push,7115
/data/apps/us_sync/data/OpenPlatformApp.add_authorized_user,5831
/data/apps/us_sync/data/BroadCast.topups,4666
/data/apps/us_sync/data/DiamondAudit.diamond_stats,4505
/data/apps/us_sync/data/MomentManager.bot_uids_for_crawl,3978
/data/apps/us_sync/data/FriendsFinder.large_phonebook,3723
/data/apps/us_sync/data/IndigoFeedsPush.pushFeedsMessage,3267
/data/apps/us_sync/data/Community.edit_community,2766
/data/apps/us_sync/data/MomentManager.highlight_post_data,2127
/data/apps/us_sync/data/MonitorManager.share_ios,1962
/data/apps/us_sync/data/BigGroupMaintain.big_group_ranking,1522
/data/apps/us_sync/data/MonitorManager.file_transfer_hd,1466
/data/apps/us_sync/data/MonitorManager.open_groupchat_hd,1465
/data/apps/us_sync/data/MonitorManager.biggroup_space_hd,1465
/data/apps/us_sync/data/MonitorManager.biggroup_hd,1465
/data/apps/us_sync/data/MonitorManager.send_groupim_hd,1465
/data/apps/us_sync/data/MonitorManager.group_announcement_hd,1463
/data/apps/us_sync/data/ImoTeamPusher.ksing_imo_team_message,749
/data/apps/us_sync/data/Community.create_community,717
/data/apps/us_sync/data/Community.bind_big_group,631
/data/apps/us_sync/data/pulsar_exceptin_topic,445
/data/apps/us_sync/data/MomentManager.topic_operation_data,253
/data/apps/us_sync/data/BroadCast.spends,213
/data/apps/us_sync/data/BigGroupManager.biggroup_space_push,211
/data/apps/us_sync/data/BroadCast.refunds,170
/data/apps/us_sync/data/MonitorManager.moments_view_detail,104
/data/apps/us_sync/data/indigo_active_user,90
/data/apps/us_sync/data/indigo_ad_revenue,78
/data/apps/us_sync/data/Community.dissolve_community,72
/data/apps/us_sync/data/indigo_active_user_all,57
/data/apps/us_sync/data/indigo_active_user_1h_avg,53
/data/apps/us_sync/data/MomentManager.bot_uids_for_cc,52
/data/apps/us_sync/data/Community.unbind_big_group,46
/data/apps/us_sync/data/SalatChannelManager.upload,1
